,Country,Happiness Score,GDP per capita,Healthy life expectancy,Freedom to make life choices,Generosity,Perceptions of corruption,Year
0,Finland,7.842,1.446,0.741,0.691,0.124,0.481,2021
1,Denmark,7.62,1.502,0.763,0.686,0.208,0.485,2021
2,Switzerland,7.571,1.566,0.816,0.653,0.204,0.413,2021
3,Iceland,7.554,1.482,0.772,0.698,0.293,0.17,2021
4,Netherlands,7.464,1.501,0.753,0.647,0.302,0.384,2021
5,Norway,7.392,1.543,0.782,0.703,0.249,0.427,2021
6,Sweden,7.363,1.478,0.763,0.685,0.244,0.448,2021
7,Luxembourg,7.324,1.751,0.76,0.639,0.166,0.353,2021
8,New Zealand,7.277,1.4,0.785,0.665,0.276,0.445,2021
9,Austria,7.268,1.492,0.782,0.64,0.215,0.292,2021
10,Australia,7.183,1.453,0.801,0.647,0.291,0.317,2021
11,Israel,7.157,1.376,0.788,0.509,0.208,0.119,2021
12,Germany,7.155,1.48,0.757,0.6,0.195,0.306,2021
13,Canada,7.103,1.447,0.798,0.648,0.246,0.335,2021
14,Ireland,7.085,1.644,0.753,0.606,0.238,0.367,2021
15,Costa Rica,7.069,1.134,0.722,0.673,0.105,0.083,2021
16,United Kingdom,7.064,1.423,0.757,0.58,0.34,0.306,2021
17,Czech Republic,6.965,1.37,0.703,0.58,0.052,0.046,2021
18,United States,6.951,1.533,0.621,0.554,0.252,0.154,2021
19,Belgium,6.834,1.463,0.747,0.489,0.088,0.187,2021
20,France,6.69,1.421,0.804,0.536,0.092,0.235,2021
21,Bahrain,6.647,1.409,0.662,0.661,0.246,0.139,2021
22,Malta,6.602,1.411,0.747,0.664,0.275,0.183,2021
23,Taiwan Province of China,6.584,1.48,0.665,0.49,0.142,0.139,2021
24,United Arab Emirates,6.561,1.555,0.594,0.67,0.236,0.223,2021
25,Saudi Arabia,6.494,1.435,0.571,0.603,0.09,0.163,2021
26,Spain,6.491,1.375,0.826,0.462,0.135,0.124,2021
27,Italy,6.483,1.393,0.798,0.379,0.133,0.047,2021
28,Slovenia,6.461,1.36,0.722,0.69,0.122,0.085,2021
29,Guatemala,6.435,0.845,0.519,0.638,0.163,0.105,2021
30,Uruguay,6.431,1.164,0.649,0.625,0.128,0.223,2021
31,Singapore,6.377,1.695,0.897,0.664,0.176,0.547,2021
32,Kosovo,6.372,0.937,0.483,0.593,0.356,0.014,2021
33,Slovakia,6.331,1.304,0.653,0.468,0.107,0.018,2021
34,Brazil,6.33,1.028,0.571,0.514,0.142,0.117,2021
35,Mexico,6.317,1.126,0.634,0.585,0.092,0.089,2021
36,Jamaica,6.309,0.891,0.599,0.618,0.099,0.035,2021
37,Lithuania,6.255,1.35,0.612,0.476,0.056,0.073,2021
38,Cyprus,6.223,1.377,0.801,0.464,0.178,0.061,2021
39,Estonia,6.189,1.344,0.64,0.641,0.119,0.263,2021
40,Panama,6.18,1.298,0.667,0.596,0.079,0.053,2021
41,Uzbekistan,6.179,0.769,0.528,0.716,0.391,0.271,2021
42,Chile,6.172,1.2,0.678,0.438,0.159,0.07,2021
43,Poland,6.166,1.309,0.668,0.558,0.08,0.13,2021
44,Kazakhstan,6.152,1.23,0.527,0.573,0.143,0.132,2021
45,Romania,6.14,1.275,0.595,0.564,0.045,0.001,2021
46,Kuwait,6.106,1.461,0.58,0.591,0.12,0.13,2021
47,Serbia,6.078,1.101,0.634,0.482,0.189,0.066,2021
48,El Salvador,6.061,0.845,0.565,0.615,0.116,0.16,2021
49,Mauritius,6.049,1.178,0.574,0.59,0.153,0.096,2021
50,Latvia,6.032,1.285,0.587,0.405,0.082,0.089,2021
51,Colombia,6.012,1.021,0.615,0.554,0.1,0.063,2021
52,Hungary,5.992,1.301,0.615,0.454,0.067,0.04,2021
53,Thailand,5.985,1.107,0.596,0.611,0.375,0.028,2021
54,Nicaragua,5.972,0.693,0.604,0.553,0.201,0.176,2021
55,Japan,5.94,1.389,0.838,0.504,0.02,0.192,2021
56,Argentina,5.929,1.162,0.646,0.544,0.069,0.067,2021
57,Portugal,5.929,1.323,0.76,0.621,0.029,0.033,2021
58,Honduras,5.919,0.703,0.593,0.578,0.241,0.083,2021
59,Croatia,5.882,1.251,0.703,0.453,0.111,0.0,2021
60,Philippines,5.88,0.853,0.426,0.651,0.125,0.126,2021
61,South Korea,5.845,1.403,0.801,0.353,0.134,0.135,2021
62,Peru,5.84,0.986,0.623,0.536,0.087,0.031,2021
63,Bosnia and Herzegovina,5.813,1.032,0.618,0.395,0.261,0.005,2021
64,Moldova,5.766,0.985,0.542,0.536,0.137,0.013,2021
65,Ecuador,5.764,0.935,0.64,0.56,0.107,0.062,2021
66,Kyrgyzstan,5.744,0.665,0.501,0.673,0.266,0.02,2021
67,Greece,5.723,1.273,0.76,0.243,0.0,0.074,2021
68,Bolivia,5.716,0.842,0.486,0.6,0.138,0.064,2021
69,Mongolia,5.677,0.966,0.442,0.397,0.263,0.053,2021
70,Paraguay,5.653,0.983,0.549,0.602,0.206,0.037,2021
71,Montenegro,5.581,1.155,0.637,0.397,0.166,0.081,2021
72,Dominican Republic,5.545,1.106,0.555,0.581,0.101,0.144,2021
73,North Cyprus,5.536,1.377,0.801,0.503,0.196,0.2,2021
74,Belarus,5.534,1.124,0.56,0.326,0.07,0.199,2021
75,Russia,5.477,1.241,0.511,0.409,0.115,0.06,2021
76,Hong Kong S.A.R. of China,5.477,1.525,0.893,0.408,0.232,0.342,2021
77,Tajikistan,5.466,0.508,0.498,0.548,0.152,0.247,2021
78,Vietnam,5.411,0.817,0.616,0.679,0.124,0.091,2021
79,Libya,5.41,1.044,0.435,0.474,0.131,0.174,2021
80,Malaysia,5.384,1.259,0.587,0.624,0.27,0.064,2021
81,Indonesia,5.345,0.954,0.433,0.598,0.541,0.046,2021
82,Congo (Brazzaville),5.342,0.518,0.307,0.381,0.144,0.124,2021
83,China,5.339,1.061,0.665,0.636,0.093,0.117,2021
84,Ivory Coast,5.306,0.669,0.052,0.438,0.177,0.092,2021
85,Armenia,5.283,0.996,0.585,0.54,0.079,0.198,2021
86,Nepal,5.269,0.519,0.496,0.488,0.287,0.135,2021
87,Bulgaria,5.266,1.181,0.583,0.494,0.125,0.005,2021
88,Maldives,5.198,1.115,0.697,0.575,0.204,0.073,2021
89,Azerbaijan,5.171,1.025,0.541,0.526,0.043,0.276,2021
90,Cameroon,5.142,0.543,0.159,0.425,0.205,0.058,2021
91,Senegal,5.132,0.518,0.357,0.381,0.158,0.088,2021
92,Albania,5.117,1.008,0.646,0.491,0.168,0.024,2021
93,North Macedonia,5.101,1.068,0.535,0.45,0.212,0.022,2021
94,Ghana,5.088,0.68,0.287,0.517,0.268,0.058,2021
95,Niger,5.074,0.162,0.167,0.516,0.2,0.157,2021
96,Turkmenistan,5.066,1.046,0.439,0.602,0.366,0.033,2021
97,Gambia,5.051,0.367,0.21,0.384,0.465,0.123,2021
98,Benin,5.045,0.507,0.196,0.457,0.166,0.178,2021
99,Laos,5.03,0.808,0.33,0.643,0.268,0.179,2021
100,Bangladesh,5.025,0.635,0.514,0.603,0.161,0.164,2021
101,Guinea,4.984,0.42,0.206,0.384,0.25,0.111,2021
102,South Africa,4.956,0.967,0.265,0.447,0.144,0.051,2021
103,Turkey,4.948,1.26,0.59,0.236,0.097,0.104,2021
104,Pakistan,4.934,0.637,0.322,0.418,0.252,0.097,2021
105,Morocco,4.918,0.792,0.558,0.477,0.034,0.088,2021
106,Venezuela,4.892,0.852,0.574,0.284,0.078,0.072,2021
107,Georgia,4.891,1.03,0.498,0.488,0.032,0.181,2021
108,Algeria,4.887,0.946,0.552,0.119,0.144,0.12,2021
109,Ukraine,4.875,0.979,0.517,0.417,0.181,0.01,2021
110,Iraq,4.854,0.91,0.381,0.302,0.153,0.041,2021
111,Gabon,4.852,1.037,0.362,0.424,0.058,0.064,2021
112,Burkina Faso,4.834,0.364,0.179,0.381,0.182,0.122,2021
113,Cambodia,4.83,0.603,0.426,0.702,0.21,0.061,2021
114,Mozambique,4.794,0.183,0.196,0.608,0.228,0.163,2021
115,Nigeria,4.759,0.663,0.051,0.433,0.212,0.039,2021
116,Mali,4.723,0.387,0.11,0.384,0.164,0.072,2021
117,Iran,4.721,1.03,0.561,0.275,0.33,0.144,2021
118,Uganda,4.636,0.364,0.24,0.398,0.267,0.054,2021
119,Liberia,4.625,0.228,0.253,0.43,0.221,0.057,2021
120,Kenya,4.607,0.603,0.385,0.483,0.375,0.073,2021
121,Tunisia,4.596,0.919,0.59,0.334,0.057,0.044,2021
122,Lebanon,4.584,1.045,0.595,0.175,0.14,0.026,2021
123,Namibia,4.574,0.882,0.262,0.411,0.091,0.059,2021
124,Palestinian Territories,4.517,0.646,0.434,0.33,0.082,0.075,2021
125,Myanmar,4.426,0.666,0.341,0.601,0.52,0.178,2021
126,Jordan,4.395,0.89,0.583,0.455,0.079,0.15,2021
127,Chad,4.355,0.255,0.0,0.24,0.215,0.084,2021
128,Sri Lanka,4.325,0.99,0.593,0.559,0.239,0.049,2021
129,Swaziland,4.308,0.849,0.074,0.323,0.067,0.147,2021
130,Comoros,4.289,0.488,0.279,0.202,0.241,0.101,2021
131,Egypt,4.283,0.954,0.426,0.446,0.069,0.092,2021
132,Ethiopia,4.275,0.37,0.331,0.451,0.241,0.114,2021
133,Mauritania,4.227,0.666,0.273,0.218,0.119,0.133,2021
134,Madagascar,4.208,0.266,0.341,0.207,0.185,0.087,2021
135,Togo,4.107,0.254,0.203,0.289,0.209,0.107,2021
136,Zambia,4.073,0.528,0.231,0.487,0.227,0.074,2021
137,Sierra Leone,3.849,0.279,0.1,0.408,0.243,0.047,2021
138,India,3.819,0.741,0.383,0.622,0.246,0.106,2021
139,Burundi,3.775,0.0,0.155,0.298,0.172,0.212,2021
140,Yemen,3.658,0.329,0.272,0.268,0.092,0.089,2021
141,Tanzania,3.623,0.433,0.3,0.549,0.307,0.231,2021
142,Haiti,3.615,0.294,0.227,0.257,0.463,0.139,2021
143,Malawi,3.6,0.113,0.298,0.484,0.213,0.134,2021
144,Lesotho,3.512,0.451,0.007,0.405,0.103,0.015,2021
145,Botswana,3.467,1.099,0.34,0.539,0.027,0.088,2021
146,Rwanda,3.415,0.364,0.407,0.627,0.227,0.493,2021
147,Zimbabwe,3.145,0.457,0.243,0.359,0.157,0.075,2021
148,Afghanistan,2.523,0.37,0.126,0.0,0.122,0.01,2021
0,Finland,7.808700085,1.285189509,0.961271405,0.66231674,0.159670442,0.477857262,2020
1,Denmark,7.645599842,1.326948524,0.979332566,0.665039897,0.242793396,0.495260328,2020
2,Switzerland,7.559899807,1.39077425,1.040533185,0.62895447,0.269055754,0.407945901,2020
3,Iceland,7.504499912,1.326501608,1.000843406,0.661980748,0.362330228,0.144540772,2020
4,Norway,7.487999916,1.42420733,1.008071899,0.670200884,0.287985086,0.434100568,2020
5,Netherlands,7.448900223,1.338946342,0.975675344,0.61362648,0.336317569,0.368569762,2020
6,Sweden,7.353499889,1.322235227,0.986470461,0.650297701,0.272827893,0.442066371,2020
7,New Zealand,7.299600124,1.242317915,1.008138299,0.646789908,0.325726211,0.461268276,2020
8,Austria,7.294199944,1.317285538,1.000933528,0.603368878,0.255509764,0.281256139,2020
9,Luxembourg,7.237500191,1.536676049,0.986442685,0.610137045,0.19595392,0.367041469,2020
10,Canada,7.23210001,1.301647663,1.022501945,0.644028127,0.28152892,0.351701856,2020
11,Australia,7.222799778,1.310396433,1.022607684,0.621877193,0.324973613,0.335996419,2020
12,United Kingdom,7.164500237,1.273061037,0.97570008,0.525168657,0.373433441,0.322601646,2020
13,Israel,7.128600121,1.216463685,1.008052945,0.420699477,0.266861796,0.09989845,2020
14,Costa Rica,7.121399879,0.981107712,0.939635336,0.645017743,0.131266311,0.096362092,2020
15,Ireland,7.093699932,1.446886778,0.975670695,0.587779939,0.295426995,0.373433262,2020
16,Germany,7.075799942,1.314184546,0.972114801,0.564274132,0.252037704,0.309362292,2020
17,United States,6.939599991,1.37398684,0.831618011,0.534608245,0.298143059,0.152284741,2020
18,Czech Republic,6.910900116,1.212322354,0.89456445,0.505744576,0.046325929,0.049803223,2020
19,Belgium,6.863500118,1.295842767,0.964901149,0.499805421,0.146966159,0.208724052,2020
20,United Arab Emirates,6.790800095,1.431086421,0.787814438,0.652936101,0.28065598,0.220213518,2020
21,Malta,6.772799969,1.252513289,0.972042024,0.633239031,0.341180831,0.178864077,2020
22,France,6.663799763,1.268129349,1.029714227,0.514050901,0.112607703,0.227303237,2020
23,Mexico,6.465000153,1.024387479,0.831601024,0.553892553,0.083094485,0.083133668,2020
24,Taiwan Province of China,6.45539999,1.327470541,0.878437996,0.449404389,0.150598705,0.131516352,2020
25,Uruguay,6.440100193,1.071000457,0.856928885,0.59426707,0.132143691,0.193425074,2020
26,Saudi Arabia,6.406499863,1.334328532,0.759818137,0.548477471,0.087440684,0.163322315,2020
27,Spain,6.400899887,1.230535269,1.051343083,0.425983816,0.16530548,0.109579779,2020
28,Guatemala,6.398900032,0.753815711,0.705952585,0.613146722,0.170611665,0.0983603,2020
29,Italy,6.38740015,1.236396074,1.022504926,0.321305573,0.170266211,0.040145598,2020
30,Singapore,6.377099991,1.519580126,1.137814283,0.635317206,0.218770906,0.533162236,2020
31,Brazil,6.375599861,0.952679873,0.766119063,0.483292729,0.131674588,0.106518604,2020
32,Slovenia,6.363399982,1.208652496,0.932548046,0.646700144,0.145701498,0.076516323,2020
33,El Salvador,6.34829998,0.748940408,0.752730012,0.524043918,0.1189363,0.117030352,2020
34,Kosovo,6.325200081,0.840481341,0.672709167,0.557280421,0.325286865,0.008559024,2020
35,Panama,6.304800034,1.097667813,0.878546536,0.57984978,0.097207308,0.054230526,2020
36,Slovakia,6.280600071,1.194837689,0.853465259,0.423542529,0.116729774,0.011291441,2020
37,Uzbekistan,6.257599831,0.696652949,0.716703713,0.693270326,0.363311023,0.280260265,2020
38,Chile,6.228499889,1.096992493,0.889260828,0.417482227,0.155579001,0.06284935,2020
39,Bahrain,6.227300167,1.296692252,0.838836372,0.610399902,0.287453711,0.126697257,2020
40,Lithuania,6.215499878,1.193559647,0.795421183,0.42046079,0.053691041,0.081350274,2020
41,Trinidad and Tobago,6.191899776,1.167641521,0.658828557,0.55293113,0.199358255,0.015078396,2020
42,Poland,6.186299801,1.16922915,0.868038476,0.557903528,0.063374244,0.160541251,2020
43,Colombia,6.163400173,0.93220371,0.810020149,0.526890039,0.092374094,0.04584837,2020
44,Cyprus,6.15899992,1.21279943,1.026124597,0.459385872,0.227932334,0.051207144,2020
45,Nicaragua,6.13710022,0.620033145,0.803093255,0.560117304,0.212871477,0.174084574,2020
46,Romania,6.123700142,1.120401621,0.79229486,0.534852326,0.068181619,0.000829569,2020
47,Kuwait,6.102099895,1.424833655,0.776468933,0.570261419,0.132751092,0.112814933,2020
48,Mauritius,6.101299763,1.07366395,0.763389409,0.590838134,0.186894551,0.084088229,2020
49,Kazakhstan,6.057899952,1.122594237,0.698788941,0.497432142,0.153713793,0.110463686,2020
50,Estonia,6.021800041,1.192441225,0.842615008,0.576664805,0.125136748,0.201766819,2020
51,Philippines,6.006000042,0.775120676,0.602189481,0.621915162,0.129260212,0.130385727,2020
52,Hungary,6.000400066,1.164307117,0.806793869,0.386401802,0.070491239,0.027548173,2020
53,Thailand,5.998799801,1.007029295,0.793855846,0.609449804,0.376709014,0.031837862,2020
54,Argentina,5.974699974,1.028465629,0.849773705,0.520840347,0.070100471,0.060415059,2020
55,Honduras,5.953199863,0.598763585,0.791989982,0.568148077,0.256528199,0.086807102,2020
56,Latvia,5.949999809,1.14139545,0.777902424,0.329198807,0.075407945,0.090391524,2020
57,Ecuador,5.925199986,0.853383601,0.838837743,0.555234551,0.115006477,0.086753383,2020
58,Portugal,5.910900116,1.168800831,0.979315281,0.589895189,0.053036947,0.027733466,2020
59,Jamaica,5.889800072,0.779058397,0.788434088,0.553124607,0.116268493,0.030147785,2020
60,South Korea,5.872399807,1.245300651,1.022542596,0.25935635,0.170303866,0.094596282,2020
61,Japan,5.870800018,1.26672411,1.072881341,0.495465875,0.03571178,0.181439638,2020
62,Peru,5.796800137,0.91854918,0.824444175,0.513210058,0.091611817,0.02703266,2020
63,Serbia,5.77820015,0.988181829,0.828403294,0.395428419,0.15028289,0.059447147,2020
64,Bolivia,5.747499943,0.730976343,0.662445664,0.5744645,0.138375074,0.072942637,2020
65,Pakistan,5.69329977,0.616799474,0.469933242,0.405421734,0.228705063,0.122592121,2020
66,Paraguay,5.692100048,0.897990823,0.735869646,0.586510062,0.204299241,0.065077379,2020
67,Dominican Republic,5.689199924,0.983191848,0.741901696,0.5628739,0.112196781,0.115945682,2020
68,Bosnia and Herzegovina,5.674099922,0.91839546,0.813928187,0.305365741,0.264005244,0.001172487,2020
69,Moldova,5.607500076,0.707916796,0.713299453,0.389571488,0.174049184,0.014378744,2020
70,Tajikistan,5.555699825,0.474874616,0.680594802,0.521141171,0.182417125,0.221779913,2020
71,Montenegro,5.54610014,1.010150075,0.839028895,0.303223848,0.14901033,0.098435111,2020
72,Russia,5.546000004,1.126999617,0.68044591,0.399499595,0.099041916,0.045699362,2020
73,Kyrgyzstan,5.541500092,0.513180971,0.680645883,0.614617765,0.30137074,0.030466691,2020
74,Belarus,5.539899826,1.018854499,0.75258857,0.290755868,0.08993306,0.193607435,2020
75,North Cyprus,5.53550005,1.21279943,1.026124597,0.477885723,0.199160054,0.199802905,2020
76,Greece,5.514999866,1.128070116,0.979431748,0.173516348,0.0,0.048844352,2020
77,Hong Kong S.A.R. of China,5.510399818,1.376746058,1.136630654,0.459356517,0.288280904,0.332485437,2020
78,Croatia,5.504700184,1.109024286,0.900575578,0.381456882,0.113998979,0.012325006,2020
79,Libya,5.488800049,1.021913767,0.615626633,0.451354057,0.142757699,0.172258079,2020
80,Mongolia,5.456200123,0.904872775,0.615788162,0.355703115,0.263885736,0.046533126,2020
81,Malaysia,5.384300232,1.168421626,0.788511872,0.596941531,0.274886161,0.062163133,2020
82,Vietnam,5.353499889,0.718092382,0.819133997,0.650835574,0.136488721,0.089848459,2020
83,Indonesia,5.285600185,0.891720712,0.610437036,0.568161428,0.542646527,0.038278613,2020
84,Ivory Coast,5.233300209,0.537094414,0.154942513,0.397122532,0.169915587,0.093495794,2020
85,Benin,5.21600008,0.366244704,0.328062952,0.40583989,0.196670428,0.125931874,2020
86,Maldives,5.197599888,0.937864304,0.914439559,0.548203647,0.224198252,0.071906492,2020
87,Congo (Brazzaville),5.194399834,0.633616745,0.458101124,0.386514395,0.117216013,0.118670784,2020
88,Azerbaijan,5.164800167,0.990272701,0.731134057,0.467734724,0.040113214,0.247307181,2020
89,Macedonia,5.159800053,0.935371995,0.802994132,0.410224587,0.18586354,0.024595059,2020
90,Ghana,5.147999763,0.575862467,0.432162255,0.477290064,0.261291206,0.056570381,2020
91,Nepal,5.137199879,0.444050372,0.66887939,0.480608255,0.300971806,0.127502963,2020
92,Turkey,5.131800175,1.127169251,0.781335294,0.25440076,0.085885569,0.120983243,2020
93,China,5.123899937,0.990533412,0.867248535,0.601605117,0.079021044,0.117255554,2020
94,Turkmenistan,5.119100094,1.008963585,0.612448037,0.515236676,0.323129326,0.03350389,2020
95,Bulgaria,5.101500034,1.046554685,0.777776897,0.417820066,0.103833713,0.0,2020
96,Morocco,5.094799995,0.75862211,0.745096922,0.450054139,0.040032551,0.077385604,2020
97,Cameroon,5.084899902,0.503958046,0.270189553,0.439242482,0.198020101,0.054393422,2020
98,Venezuela,5.053199768,0.770238638,0.76702553,0.271717221,0.087179154,0.063624777,2020
99,Algeria,5.005099773,0.943856001,0.745418549,0.083943799,0.118915014,0.129190654,2020
100,Senegal,4.980800152,0.504061818,0.518391907,0.352400899,0.164397135,0.081865937,2020
101,Guinea,4.949299812,0.390007734,0.333655238,0.371878058,0.249490842,0.112204559,2020
102,Niger,4.909599781,0.108330332,0.298816353,0.435311615,0.208176896,0.137554765,2020
103,Laos,4.888599873,0.714693844,0.486378282,0.612027287,0.27266711,0.194273964,2020
104,Albania,4.882699966,0.906653047,0.846329629,0.461945891,0.171027765,0.025361285,2020
105,Cambodia,4.848400116,0.544634938,0.587904334,0.674940348,0.233342081,0.072837502,2020
106,Bangladesh,4.832799911,0.556156278,0.694940507,0.604130566,0.176745117,0.176735908,2020
107,Gabon,4.829299927,0.988044381,0.522574842,0.369459897,0.052013602,0.055804539,2020
108,South Africa,4.814099789,0.902140439,0.407034069,0.43478182,0.126406848,0.05950214,2020
109,Iraq,4.784800053,0.982018709,0.529350698,0.283588052,0.153002068,0.073164992,2020
110,Lebanon,4.771500111,0.889232516,0.788671136,0.18551667,0.158524141,0.021518147,2020
111,Burkina Faso,4.768700123,0.302467644,0.312833875,0.322398156,0.186390609,0.126408055,2020
112,Gambia,4.750599861,0.256990552,0.353247881,0.403419524,0.425989687,0.158093795,2020
113,Mali,4.729300022,0.352462649,0.234981522,0.377534449,0.16966705,0.062146276,2020
114,Nigeria,4.724100113,0.645901859,0.167835936,0.435079455,0.221328124,0.047589935,2020
115,Armenia,4.676799774,0.808262408,0.77585727,0.378075808,0.107225738,0.104618184,2020
116,Georgia,4.672599792,0.847198069,0.694657624,0.485494107,0.047609735,0.174088076,2020
117,Iran,4.672399998,1.029322505,0.749053836,0.301195472,0.27697894,0.142651513,2020
118,Jordan,4.633399963,0.785179198,0.777624726,0.424855083,0.091494769,0.151878625,2020
119,Mozambique,4.623600006,0.178741366,0.324223638,0.56077534,0.220422104,0.163064316,2020
120,Kenya,4.583000183,0.476413399,0.536312759,0.519180536,0.393902093,0.067201078,2020
121,Namibia,4.571100235,0.84008199,0.40687117,0.444598973,0.076454483,0.054320343,2020
122,Ukraine,4.56069994,0.780434608,0.698674381,0.319423705,0.178551316,0.00965116,2020
123,Liberia,4.557899952,0.174103007,0.392284274,0.405943096,0.226967871,0.051139876,2020
124,Palestinian Territories,4.552800179,0.587819219,0.613826573,0.29870075,0.091816261,0.071913652,2020
125,Uganda,4.43200016,0.312337428,0.378311664,0.401682556,0.264807373,0.063818842,2020
126,Chad,4.422699928,0.302287489,0.1087441,0.228601769,0.210805088,0.085755408,2020
127,Tunisia,4.392199993,0.874742687,0.781156719,0.235860556,0.055881143,0.043899573,2020
128,Mauritania,4.374599934,0.539684892,0.425184816,0.185714483,0.128899664,0.122257635,2020
129,Sri Lanka,4.327000141,0.897986948,0.792036712,0.528632462,0.252666146,0.049444564,2020
130,Congo (Kinshasa),4.31099987,0.062487468,0.277212054,0.36462298,0.254324883,0.081466645,2020
131,Swaziland,4.308100224,0.827539742,0.215585828,0.299935788,0.067264833,0.146765873,2020
132,Myanmar,4.308000088,0.67809093,0.495443076,0.597478867,0.569813728,0.187530354,2020
133,Comoros,4.288599968,0.415620774,0.437383324,0.181028232,0.258538276,0.100048535,2020
134,Togo,4.187200069,0.268116266,0.342731178,0.303539038,0.200774252,0.114826456,2020
135,Ethiopia,4.186200142,0.315125644,0.483846247,0.41256687,0.227698103,0.117437035,2020
136,Madagascar,4.165599823,0.244553208,0.500617027,0.192967549,0.191190064,0.076248638,2020
137,Egypt,4.151400089,0.875228941,0.596911311,0.373684734,0.068801254,0.095461793,2020
138,Sierra Leone,3.926399946,0.240560383,0.203953966,0.382027686,0.257647008,0.047940936,2020
139,Burundi,3.775300026,0.0,0.295212835,0.275399059,0.187401786,0.212186828,2020
140,Zambia,3.759399891,0.536833763,0.36359334,0.49131754,0.250620902,0.086705238,2020
141,Haiti,3.720799923,0.284734428,0.37436673,0.169297516,0.463909656,0.161935672,2020
142,Lesotho,3.652800083,0.45493874,0.100934811,0.409367532,0.102627642,0.050483823,2020
143,India,3.573299885,0.730576158,0.54057014,0.581142247,0.237072483,0.105587982,2020
144,Malawi,3.538000107,0.176534727,0.446163297,0.487389833,0.213185057,0.131633952,2020
145,Yemen,3.527400017,0.392701775,0.41500017,0.243721485,0.094689012,0.087352127,2020
146,Botswana,3.478899956,0.997548997,0.494101733,0.50908941,0.033407487,0.101786368,2020
147,Tanzania,3.476200104,0.457163125,0.442677855,0.509343088,0.27154091,0.203880861,2020
148,Central African Republic,3.475899935,0.041072082,0.0,0.292814463,0.253513217,0.028264718,2020
149,Rwanda,3.312299967,0.343242675,0.572383285,0.604087889,0.235704988,0.485542476,2020
150,Zimbabwe,3.299200058,0.425564021,0.375037611,0.37740472,0.151349187,0.080928579,2020
151,South Sudan,2.816600084,0.289082974,0.208809033,0.065609254,0.209934607,0.111156799,2020
152,Afghanistan,2.566900015,0.30070585,0.266051531,0.0,0.135234714,0.001225785,2020
0,Finland,7.769,1.34,0.986,0.596,0.153,0.393,2019
1,Denmark,7.6,1.383,0.996,0.592,0.252,0.41,2019
2,Norway,7.554,1.488,1.028,0.603,0.271,0.341,2019
3,Iceland,7.494,1.38,1.026,0.591,0.354,0.118,2019
4,Netherlands,7.488,1.396,0.999,0.557,0.322,0.298,2019
5,Switzerland,7.48,1.452,1.052,0.572,0.263,0.343,2019
6,Sweden,7.343,1.387,1.009,0.574,0.267,0.373,2019
7,New Zealand,7.307,1.303,1.026,0.585,0.33,0.38,2019
8,Canada,7.278,1.365,1.039,0.584,0.285,0.308,2019
9,Austria,7.246,1.376,1.016,0.532,0.244,0.226,2019
10,Australia,7.228,1.372,1.036,0.557,0.332,0.29,2019
11,Costa Rica,7.167,1.034,0.963,0.558,0.144,0.093,2019
12,Israel,7.139,1.276,1.029,0.371,0.261,0.082,2019
13,Luxembourg,7.09,1.609,1.012,0.526,0.194,0.316,2019
14,United Kingdom,7.054,1.333,0.996,0.45,0.348,0.278,2019
15,Ireland,7.021,1.499,0.999,0.516,0.298,0.31,2019
16,Germany,6.985,1.373,0.987,0.495,0.261,0.265,2019
17,Belgium,6.923,1.356,0.986,0.473,0.16,0.21,2019
18,United States,6.892,1.433,0.874,0.454,0.28,0.128,2019
19,Czech Republic,6.852,1.269,0.92,0.457,0.046,0.036,2019
20,United Arab Emirates,6.825,1.503,0.825,0.598,0.262,0.182,2019
21,Malta,6.726,1.3,0.999,0.564,0.375,0.151,2019
22,Mexico,6.595,1.07,0.861,0.433,0.074,0.073,2019
23,France,6.592,1.324,1.045,0.436,0.111,0.183,2019
24,Taiwan,6.446,1.368,0.914,0.351,0.242,0.097,2019
25,Chile,6.444,1.159,0.92,0.357,0.187,0.056,2019
26,Guatemala,6.436,0.8,0.746,0.535,0.175,0.078,2019
27,Saudi Arabia,6.375,1.403,0.795,0.439,0.08,0.132,2019
28,Qatar,6.374,1.684,0.871,0.555,0.22,0.167,2019
29,Spain,6.354,1.286,1.062,0.362,0.153,0.079,2019
30,Panama,6.321,1.149,0.91,0.516,0.109,0.054,2019
31,Brazil,6.3,1.004,0.802,0.39,0.099,0.086,2019
32,Uruguay,6.293,1.124,0.891,0.523,0.127,0.15,2019
33,Singapore,6.262,1.572,1.141,0.556,0.271,0.453,2019
34,El Salvador,6.253,0.794,0.789,0.43,0.093,0.074,2019
35,Italy,6.223,1.294,1.039,0.231,0.158,0.03,2019
36,Bahrain,6.199,1.362,0.871,0.536,0.255,0.11,2019
37,Slovakia,6.198,1.246,0.881,0.334,0.121,0.014,2019
38,Trinidad & Tobago,6.192,1.231,0.713,0.489,0.185,0.016,2019
39,Poland,6.182,1.206,0.884,0.483,0.117,0.05,2019
40,Uzbekistan,6.174,0.745,0.756,0.631,0.322,0.24,2019
41,Lithuania,6.149,1.238,0.818,0.291,0.043,0.042,2019
42,Colombia,6.125,0.985,0.841,0.47,0.099,0.034,2019
43,Slovenia,6.118,1.258,0.953,0.564,0.144,0.057,2019
44,Nicaragua,6.105,0.694,0.835,0.435,0.2,0.127,2019
45,Kosovo,6.1,0.882,0.758,0.489,0.262,0.006,2019
46,Argentina,6.086,1.092,0.881,0.471,0.066,0.05,2019
47,Romania,6.07,1.162,0.825,0.462,0.083,0.005,2019
48,Cyprus,6.046,1.263,1.042,0.406,0.19,0.041,2019
49,Ecuador,6.028,0.912,0.868,0.498,0.126,0.087,2019
50,Kuwait,6.021,1.5,0.808,0.493,0.142,0.097,2019
51,Thailand,6.008,1.05,0.828,0.557,0.359,0.028,2019
52,Latvia,5.94,1.187,0.812,0.264,0.075,0.064,2019
53,South Korea,5.895,1.301,1.036,0.159,0.175,0.056,2019
54,Estonia,5.893,1.237,0.874,0.495,0.103,0.161,2019
55,Jamaica,5.89,0.831,0.831,0.49,0.107,0.028,2019
56,Mauritius,5.888,1.12,0.798,0.498,0.215,0.06,2019
57,Japan,5.886,1.327,1.088,0.445,0.069,0.14,2019
58,Honduras,5.86,0.642,0.828,0.507,0.246,0.078,2019
59,Kazakhstan,5.809,1.173,0.729,0.41,0.146,0.096,2019
60,Bolivia,5.779,0.776,0.706,0.511,0.137,0.064,2019
61,Hungary,5.758,1.201,0.828,0.199,0.081,0.02,2019
62,Paraguay,5.743,0.855,0.777,0.514,0.184,0.08,2019
63,Northern Cyprus,5.718,1.263,1.042,0.417,0.191,0.162,2019
64,Peru,5.697,0.96,0.854,0.455,0.083,0.027,2019
65,Portugal,5.693,1.221,0.999,0.508,0.047,0.025,2019
66,Pakistan,5.653,0.677,0.535,0.313,0.22,0.098,2019
67,Russia,5.648,1.183,0.726,0.334,0.082,0.031,2019
68,Philippines,5.631,0.807,0.657,0.558,0.117,0.107,2019
69,Serbia,5.603,1.004,0.854,0.282,0.137,0.039,2019
70,Moldova,5.529,0.685,0.739,0.245,0.181,0.0,2019
71,Libya,5.525,1.044,0.673,0.416,0.133,0.152,2019
72,Montenegro,5.523,1.051,0.871,0.197,0.142,0.08,2019
73,Tajikistan,5.467,0.493,0.718,0.389,0.23,0.144,2019
74,Croatia,5.432,1.155,0.914,0.296,0.119,0.022,2019
75,Hong Kong,5.43,1.438,1.122,0.44,0.258,0.287,2019
76,Dominican Republic,5.425,1.015,0.779,0.497,0.113,0.101,2019
77,Bosnia and Herzegovina,5.386,0.945,0.845,0.212,0.263,0.006,2019
78,Turkey,5.373,1.183,0.808,0.195,0.083,0.106,2019
79,Malaysia,5.339,1.221,0.828,0.508,0.26,0.024,2019
80,Belarus,5.323,1.067,0.789,0.235,0.094,0.142,2019
81,Greece,5.287,1.181,0.999,0.067,0.0,0.034,2019
82,Mongolia,5.285,0.948,0.667,0.317,0.235,0.038,2019
83,North Macedonia,5.274,0.983,0.838,0.345,0.185,0.034,2019
84,Nigeria,5.265,0.696,0.245,0.426,0.215,0.041,2019
85,Kyrgyzstan,5.261,0.551,0.723,0.508,0.3,0.023,2019
86,Turkmenistan,5.247,1.052,0.657,0.394,0.244,0.028,2019
87,Algeria,5.211,1.002,0.785,0.086,0.073,0.114,2019
88,Morocco,5.208,0.801,0.782,0.418,0.036,0.076,2019
89,Azerbaijan,5.208,1.043,0.769,0.351,0.035,0.182,2019
90,Lebanon,5.197,0.987,0.815,0.216,0.166,0.027,2019
91,Indonesia,5.192,0.931,0.66,0.491,0.498,0.028,2019
92,China,5.191,1.029,0.893,0.521,0.058,0.1,2019
93,Vietnam,5.175,0.741,0.851,0.543,0.147,0.073,2019
94,Bhutan,5.082,0.813,0.604,0.457,0.37,0.167,2019
95,Cameroon,5.044,0.549,0.331,0.381,0.187,0.037,2019
96,Bulgaria,5.011,1.092,0.815,0.311,0.081,0.004,2019
97,Ghana,4.996,0.611,0.486,0.381,0.245,0.04,2019
98,Ivory Coast,4.944,0.569,0.232,0.352,0.154,0.09,2019
99,Nepal,4.913,0.446,0.677,0.439,0.285,0.089,2019
100,Jordan,4.906,0.837,0.815,0.383,0.11,0.13,2019
101,Benin,4.883,0.393,0.397,0.349,0.175,0.082,2019
102,Congo (Brazzaville),4.812,0.673,0.508,0.372,0.105,0.093,2019
103,Gabon,4.799,1.057,0.571,0.295,0.043,0.055,2019
104,Laos,4.796,0.764,0.551,0.547,0.266,0.164,2019
105,South Africa,4.722,0.96,0.469,0.389,0.13,0.055,2019
106,Albania,4.719,0.947,0.874,0.383,0.178,0.027,2019
107,Venezuela,4.707,0.96,0.805,0.154,0.064,0.047,2019
108,Cambodia,4.7,0.574,0.637,0.609,0.232,0.062,2019
109,Palestinian Territories,4.696,0.657,0.672,0.225,0.103,0.066,2019
110,Senegal,4.681,0.45,0.571,0.292,0.153,0.072,2019
111,Somalia,4.668,0.0,0.268,0.559,0.243,0.27,2019
112,Namibia,4.639,0.879,0.477,0.401,0.07,0.056,2019
113,Niger,4.628,0.138,0.366,0.318,0.188,0.102,2019
114,Burkina Faso,4.587,0.331,0.38,0.255,0.177,0.113,2019
115,Armenia,4.559,0.85,0.815,0.283,0.095,0.064,2019
116,Iran,4.548,1.1,0.785,0.305,0.27,0.125,2019
117,Guinea,4.534,0.38,0.375,0.332,0.207,0.086,2019
118,Georgia,4.519,0.886,0.752,0.346,0.043,0.164,2019
119,Gambia,4.516,0.308,0.428,0.382,0.269,0.167,2019
120,Kenya,4.509,0.512,0.581,0.431,0.372,0.053,2019
121,Mauritania,4.49,0.57,0.489,0.066,0.106,0.088,2019
122,Mozambique,4.466,0.204,0.39,0.494,0.197,0.138,2019
123,Tunisia,4.461,0.921,0.815,0.167,0.059,0.055,2019
124,Bangladesh,4.456,0.562,0.723,0.527,0.166,0.143,2019
125,Iraq,4.437,1.043,0.574,0.241,0.148,0.089,2019
126,Congo (Kinshasa),4.418,0.094,0.357,0.269,0.212,0.053,2019
127,Mali,4.39,0.385,0.308,0.327,0.153,0.052,2019
128,Sierra Leone,4.374,0.268,0.242,0.309,0.252,0.045,2019
129,Sri Lanka,4.366,0.949,0.831,0.47,0.244,0.047,2019
130,Myanmar,4.36,0.71,0.555,0.525,0.566,0.172,2019
131,Chad,4.35,0.35,0.192,0.174,0.198,0.078,2019
132,Ukraine,4.332,0.82,0.739,0.178,0.187,0.01,2019
133,Ethiopia,4.286,0.336,0.532,0.344,0.209,0.1,2019
134,Swaziland,4.212,0.811,0.0,0.313,0.074,0.135,2019
135,Uganda,4.189,0.332,0.443,0.356,0.252,0.06,2019
136,Egypt,4.166,0.913,0.644,0.241,0.076,0.067,2019
137,Zambia,4.107,0.578,0.426,0.431,0.247,0.087,2019
138,Togo,4.085,0.275,0.41,0.293,0.177,0.085,2019
139,India,4.015,0.755,0.588,0.498,0.2,0.085,2019
140,Liberia,3.975,0.073,0.443,0.37,0.233,0.033,2019
141,Comoros,3.973,0.274,0.505,0.142,0.275,0.078,2019
142,Madagascar,3.933,0.274,0.555,0.148,0.169,0.041,2019
143,Lesotho,3.802,0.489,0.168,0.359,0.107,0.093,2019
144,Burundi,3.775,0.046,0.38,0.22,0.176,0.18,2019
145,Zimbabwe,3.663,0.366,0.433,0.361,0.151,0.089,2019
146,Haiti,3.597,0.323,0.449,0.026,0.419,0.11,2019
147,Botswana,3.488,1.041,0.538,0.455,0.025,0.1,2019
148,Syria,3.462,0.619,0.44,0.013,0.331,0.141,2019
149,Malawi,3.41,0.191,0.495,0.443,0.218,0.089,2019
150,Yemen,3.38,0.287,0.463,0.143,0.108,0.077,2019
151,Rwanda,3.334,0.359,0.614,0.555,0.217,0.411,2019
152,Tanzania,3.231,0.476,0.499,0.417,0.276,0.147,2019
153,Afghanistan,3.203,0.35,0.361,0.0,0.158,0.025,2019
154,Central African Republic,3.083,0.026,0.105,0.225,0.235,0.035,2019
155,South Sudan,2.853,0.306,0.295,0.01,0.202,0.091,2019
0,Finland,7.632,1.305,0.874,0.681,0.202,0.393,2018
1,Norway,7.594,1.456,0.861,0.686,0.286,0.34,2018
2,Denmark,7.555,1.351,0.868,0.683,0.284,0.408,2018
3,Iceland,7.495,1.343,0.914,0.677,0.353,0.138,2018
4,Switzerland,7.487,1.42,0.927,0.66,0.256,0.357,2018
5,Netherlands,7.441,1.361,0.878,0.638,0.333,0.295,2018
6,Canada,7.328,1.33,0.896,0.653,0.321,0.291,2018
7,New Zealand,7.324,1.268,0.876,0.669,0.365,0.389,2018
8,Sweden,7.314,1.355,0.913,0.659,0.285,0.383,2018
9,Australia,7.272,1.34,0.91,0.647,0.361,0.302,2018
10,United Kingdom,7.19,1.244,0.888,0.464,0.262,0.082,2018
11,Austria,7.139,1.341,0.891,0.617,0.242,0.224,2018
12,Costa Rica,7.072,1.01,0.817,0.632,0.143,0.101,2018
13,Ireland,6.977,1.448,0.876,0.614,0.307,0.306,2018
14,Germany,6.965,1.34,0.861,0.586,0.273,0.28,2018
15,Belgium,6.927,1.324,0.894,0.583,0.188,0.24,2018
16,Luxembourg,6.91,1.576,0.896,0.632,0.196,0.321,2018
17,United States,6.886,1.398,0.819,0.547,0.291,0.133,2018
18,Israel,6.814,1.301,0.883,0.533,0.354,0.272,2018
19,United Arab Emirates,6.774,2.096,0.67,0.284,0.186,,2018
20,Czech Republic,6.711,1.233,0.854,0.543,0.064,0.034,2018
21,Malta,6.627,1.27,0.884,0.645,0.376,0.142,2018
22,France,6.489,1.293,0.908,0.52,0.098,0.176,2018
23,Mexico,6.488,1.038,0.761,0.479,0.069,0.095,2018
24,Chile,6.476,1.131,0.808,0.431,0.197,0.061,2018
25,Taiwan,6.441,1.365,0.857,0.418,0.151,0.078,2018
26,Panama,6.43,1.112,0.759,0.597,0.125,0.063,2018
27,Brazil,6.419,0.986,0.675,0.493,0.11,0.088,2018
28,Argentina,6.388,1.073,0.744,0.57,0.062,0.054,2018
29,Guatemala,6.382,0.781,0.608,0.604,0.179,0.071,2018
30,Uruguay,6.379,1.093,0.771,0.625,0.13,0.155,2018
31,Qatar,6.374,1.649,0.748,0.654,0.256,0.171,2018
32,Saudi Arabia,6.371,1.379,0.633,0.509,0.098,0.127,2018
33,Singapore,6.343,1.529,1.008,0.631,0.261,0.457,2018
34,Malaysia,6.322,1.161,0.669,0.356,0.311,0.059,2018
35,Spain,6.31,1.251,0.965,0.449,0.142,0.074,2018
36,Colombia,6.26,0.96,0.635,0.531,0.099,0.039,2018
37,Trinidad & Tobago,6.192,1.223,0.564,0.575,0.171,0.019,2018
38,Slovakia,6.173,1.21,0.776,0.354,0.118,0.014,2018
39,El Salvador,6.167,0.806,0.639,0.461,0.065,0.082,2018
40,Nicaragua,6.141,0.668,0.7,0.527,0.208,0.128,2018
41,Poland,6.123,1.176,0.781,0.546,0.108,0.064,2018
42,Bahrain,6.105,1.338,0.698,0.594,0.243,0.123,2018
43,Uzbekistan,6.096,0.719,0.605,0.724,0.328,0.259,2018
44,Kuwait,6.083,1.474,0.675,0.554,0.167,0.106,2018
45,Thailand,6.072,1.016,0.707,0.637,0.364,0.029,2018
46,Italy,6.0,1.264,0.946,0.281,0.137,0.028,2018
47,Ecuador,5.973,0.889,0.736,0.556,0.114,0.12,2018
48,Belize,5.956,0.807,0.474,0.593,0.183,0.089,2018
49,Lithuania,5.952,1.197,0.716,0.35,0.026,0.006,2018
50,Slovenia,5.948,1.219,0.856,0.633,0.16,0.051,2018
51,Romania,5.945,1.116,0.726,0.528,0.088,0.001,2018
52,Latvia,5.933,1.148,0.671,0.363,0.092,0.066,2018
53,Japan,5.915,1.294,0.988,0.553,0.079,0.15,2018
54,Mauritius,5.891,1.09,0.684,0.584,0.245,0.05,2018
55,Jamaica,5.89,0.819,0.693,0.575,0.096,0.031,2018
56,South Korea,5.875,1.266,0.955,0.244,0.175,0.051,2018
57,Northern Cyprus,5.835,1.229,0.909,0.495,0.179,0.154,2018
58,Russia,5.81,1.151,0.599,0.399,0.065,0.025,2018
59,Kazakhstan,5.79,1.143,0.631,0.454,0.148,0.121,2018
60,Cyprus,5.762,1.229,0.909,0.423,0.202,0.035,2018
61,Bolivia,5.752,0.751,0.508,0.606,0.141,0.054,2018
62,Estonia,5.739,1.2,0.737,0.553,0.086,0.174,2018
63,Paraguay,5.681,0.835,0.615,0.541,0.162,0.074,2018
64,Peru,5.663,0.934,0.674,0.53,0.092,0.034,2018
65,Kosovo,5.662,0.855,0.578,0.448,0.274,0.023,2018
66,Moldova,5.64,0.657,0.62,0.232,0.171,0.0,2018
67,Turkmenistan,5.636,1.016,0.517,0.417,0.199,0.037,2018
68,Hungary,5.62,1.171,0.732,0.259,0.061,0.022,2018
69,Libya,5.566,0.985,0.553,0.496,0.116,0.148,2018
70,Philippines,5.524,0.775,0.513,0.643,0.12,0.105,2018
71,Honduras,5.504,0.62,0.622,0.459,0.197,0.074,2018
72,Belarus,5.483,1.039,0.7,0.307,0.101,0.154,2018
73,Turkey,5.483,1.148,0.686,0.324,0.106,0.109,2018
74,Pakistan,5.472,0.652,0.424,0.334,0.216,0.113,2018
75,Hong Kong,5.43,1.405,1.03,0.524,0.246,0.291,2018
76,Portugal,5.41,1.188,0.884,0.562,0.055,0.017,2018
77,Serbia,5.398,0.975,0.685,0.288,0.134,0.043,2018
78,Greece,5.358,1.154,0.879,0.131,0.0,0.044,2018
79,Lebanon,5.358,0.965,0.785,0.503,0.214,0.136,2018
80,Montenegro,5.347,1.017,0.729,0.259,0.111,0.081,2018
81,Croatia,5.321,1.115,0.737,0.38,0.12,0.039,2018
82,Dominican Republic,5.302,0.982,0.614,0.578,0.12,0.106,2018
83,Algeria,5.295,0.979,0.687,0.077,0.055,0.135,2018
84,Morocco,5.254,0.779,0.669,0.46,0.026,0.074,2018
85,China,5.246,0.989,0.799,0.597,0.029,0.103,2018
86,Azerbaijan,5.201,1.024,0.603,0.43,0.031,0.176,2018
87,Tajikistan,5.199,0.474,0.598,0.292,0.187,0.034,2018
88,Macedonia,5.185,0.959,0.691,0.394,0.173,0.052,2018
89,Jordan,5.161,0.822,0.645,0.468,0.13,0.134,2018
90,Nigeria,5.155,0.689,0.048,0.462,0.201,0.032,2018
91,Kyrgyzstan,5.131,0.53,0.594,0.54,0.281,0.035,2018
92,Bosnia and Herzegovina,5.129,0.915,0.758,0.28,0.216,0.0,2018
93,Mongolia,5.125,0.914,0.575,0.395,0.253,0.032,2018
94,Vietnam,5.103,0.715,0.702,0.618,0.177,0.079,2018
95,Indonesia,5.093,0.899,0.522,0.538,0.484,0.018,2018
96,Bhutan,5.082,0.796,0.527,0.541,0.364,0.171,2018
97,Somalia,4.982,0.0,0.115,0.674,0.238,0.282,2018
98,Cameroon,4.975,0.535,0.182,0.454,0.183,0.043,2018
99,Bulgaria,4.933,1.054,0.712,0.359,0.064,0.009,2018
100,Nepal,4.88,0.425,0.539,0.526,0.302,0.078,2018
101,Venezuela,4.806,0.996,0.657,0.133,0.056,0.052,2018
102,Gabon,4.758,1.036,0.404,0.356,0.032,0.052,2018
103,Palestinian Territories,4.743,0.642,0.602,0.266,0.086,0.076,2018
104,South Africa,4.724,0.94,0.33,0.516,0.103,0.056,2018
105,Iran,4.707,1.059,0.691,0.459,0.282,0.129,2018
106,Ivory Coast,4.671,0.541,0.08,0.467,0.146,0.103,2018
107,Ghana,4.657,0.592,0.337,0.499,0.212,0.029,2018
108,Senegal,4.631,0.429,0.433,0.406,0.138,0.082,2018
109,Laos,4.623,0.72,0.441,0.626,0.23,0.174,2018
110,Tunisia,4.592,0.9,0.69,0.271,0.04,0.063,2018
111,Albania,4.586,0.916,0.79,0.419,0.149,0.032,2018
112,Sierra Leone,4.571,0.256,0.0,0.355,0.238,0.053,2018
113,Congo (Brazzaville),4.559,0.682,0.343,0.514,0.091,0.077,2018
114,Bangladesh,4.5,0.532,0.579,0.58,0.153,0.144,2018
115,Sri Lanka,4.471,0.918,0.672,0.585,0.307,0.05,2018
116,Iraq,4.456,1.01,0.536,0.304,0.148,0.095,2018
117,Mali,4.447,0.37,0.152,0.367,0.139,0.056,2018
118,Namibia,4.441,0.874,0.365,0.519,0.051,0.064,2018
119,Cambodia,4.433,0.549,0.457,0.696,0.256,0.065,2018
120,Burkina Faso,4.424,0.314,0.254,0.312,0.175,0.128,2018
121,Egypt,4.419,0.885,0.553,0.312,0.092,0.107,2018
122,Mozambique,4.417,0.198,0.173,0.531,0.206,0.158,2018
123,Kenya,4.41,0.493,0.454,0.504,0.352,0.055,2018
124,Zambia,4.377,0.562,0.295,0.503,0.221,0.082,2018
125,Mauritania,4.356,0.557,0.292,0.129,0.134,0.093,2018
126,Ethiopia,4.35,0.308,0.391,0.452,0.22,0.146,2018
127,Georgia,4.34,0.853,0.643,0.375,0.038,0.215,2018
128,Armenia,4.321,0.816,0.666,0.26,0.077,0.028,2018
129,Myanmar,4.308,0.682,0.429,0.58,0.598,0.178,2018
130,Chad,4.301,0.358,0.053,0.189,0.181,0.06,2018
131,Congo (Kinshasa),4.245,0.069,0.204,0.312,0.197,0.052,2018
132,India,4.19,0.721,0.485,0.539,0.172,0.093,2018
133,Niger,4.166,0.131,0.221,0.39,0.175,0.099,2018
134,Uganda,4.161,0.322,0.237,0.45,0.259,0.061,2018
135,Benin,4.141,0.378,0.24,0.44,0.163,0.067,2018
136,Sudan,4.139,0.605,0.312,0.016,0.134,0.082,2018
137,Ukraine,4.103,0.793,0.609,0.163,0.187,0.011,2018
138,Togo,3.999,0.259,0.253,0.434,0.158,0.101,2018
139,Guinea,3.964,0.344,0.211,0.394,0.185,0.094,2018
140,Lesotho,3.808,0.472,0.079,0.423,0.116,0.112,2018
141,Angola,3.795,0.73,0.269,0.0,0.079,0.061,2018
142,Madagascar,3.774,0.262,0.402,0.221,0.155,0.049,2018
143,Zimbabwe,3.692,0.357,0.248,0.406,0.132,0.099,2018
144,Afghanistan,3.632,0.332,0.255,0.085,0.191,0.036,2018
145,Botswana,3.59,1.017,0.417,0.557,0.042,0.092,2018
146,Malawi,3.587,0.186,0.306,0.531,0.21,0.08,2018
147,Haiti,3.582,0.315,0.289,0.025,0.392,0.104,2018
148,Liberia,3.495,0.076,0.267,0.419,0.206,0.03,2018
149,Syria,3.462,0.689,0.539,0.088,0.376,0.144,2018
150,Rwanda,3.408,0.332,0.4,0.636,0.2,0.444,2018
151,Yemen,3.355,0.442,0.343,0.244,0.083,0.064,2018
152,Tanzania,3.303,0.455,0.381,0.481,0.27,0.097,2018
153,South Sudan,3.254,0.337,0.177,0.112,0.224,0.106,2018
154,Central African Republic,3.083,0.024,0.01,0.305,0.218,0.038,2018
155,Burundi,2.905,0.091,0.145,0.065,0.149,0.076,2018
0,Norway,7.53700017929077,1.61646318435669,0.796666502952576,0.635422587394714,0.36201223731041,0.315963834524155,2017
1,Denmark,7.52199983596802,1.48238301277161,0.792565524578094,0.626006722450256,0.355280488729477,0.40077006816864,2017
2,Iceland,7.50400018692017,1.480633020401,0.833552122116089,0.627162635326385,0.475540220737457,0.153526559472084,2017
3,Switzerland,7.49399995803833,1.56497955322266,0.858131289482117,0.620070576667786,0.290549278259277,0.367007285356522,2017
4,Finland,7.4689998626709,1.44357192516327,0.80915766954422,0.617950856685638,0.24548277258873,0.38261154294014,2017
5,Netherlands,7.3769998550415,1.50394463539124,0.810696125030518,0.585384488105774,0.470489829778671,0.282661825418472,2017
6,Canada,7.31599998474121,1.47920441627502,0.83455765247345,0.611100912094116,0.435539722442627,0.287371516227722,2017
7,New Zealand,7.31400012969971,1.40570604801178,0.816759705543518,0.614062130451202,0.500005125999451,0.382816702127457,2017
8,Sweden,7.28399991989136,1.49438726902008,0.830875158309937,0.612924098968506,0.385399252176285,0.384398728609085,2017
9,Australia,7.28399991989136,1.484414935112,0.84388679265976,0.601607382297516,0.477699249982834,0.301183730363846,2017
10,Israel,7.21299982070923,1.37538242340088,0.83840399980545,0.405988603830338,0.330082654953003,0.0852421000599861,2017
11,Costa Rica,7.0789999961853,1.10970628261566,0.759509265422821,0.580131649971008,0.214613229036331,0.100106589496136,2017
12,Austria,7.00600004196167,1.48709726333618,0.815328419208527,0.567766189575195,0.316472321748734,0.221060365438461,2017
13,United States,6.99300003051758,1.54625928401947,0.77428662776947,0.505740523338318,0.392578780651093,0.135638788342476,2017
14,Ireland,6.97700023651123,1.53570663928986,0.80978262424469,0.573110342025757,0.42785832285881,0.29838815331459,2017
15,Germany,6.95100021362305,1.48792338371277,0.798950731754303,0.562511384487152,0.336269170045853,0.276731938123703,2017
16,Belgium,6.89099979400635,1.46378076076508,0.818091869354248,0.539770722389221,0.231503337621689,0.251343131065369,2017
17,Luxembourg,6.86299991607666,1.74194359779358,0.845089495182037,0.59662789106369,0.283180981874466,0.31883442401886,2017
18,United Kingdom,6.71400022506714,1.44163393974304,0.805335938930511,0.508190035820007,0.492774158716202,0.265428066253662,2017
19,Chile,6.65199995040894,1.25278460979462,0.819479703903198,0.376895278692245,0.326662421226501,0.0822879821062088,2017
20,United Arab Emirates,6.64799976348877,1.62634336948395,0.726798236370087,0.60834527015686,0.3609419465065,0.324489563703537,2017
21,Brazil,6.63500022888184,1.10735321044922,0.616552352905273,0.437453746795654,0.16234989464283,0.111092761158943,2017
22,Czech Republic,6.60900020599365,1.35268235206604,0.754444003105164,0.490946173667908,0.0881067588925362,0.0368729270994663,2017
23,Argentina,6.59899997711182,1.18529546260834,0.695137083530426,0.494519203901291,0.109457060694695,0.059739887714386,2017
24,Mexico,6.57800006866455,1.15318381786346,0.709978997707367,0.412730008363724,0.120990432798862,0.132774114608765,2017
25,Singapore,6.57200002670288,1.69227766990662,0.949492394924164,0.549840569496155,0.345965981483459,0.46430778503418,2017
26,Malta,6.52699995040894,1.34327983856201,0.821944236755371,0.588767051696777,0.574730575084686,0.153066068887711,2017
27,Uruguay,6.4539999961853,1.21755969524384,0.719216823577881,0.57939225435257,0.175096929073334,0.178061872720718,2017
28,Guatemala,6.4539999961853,0.872001945972443,0.540239989757538,0.531310617923737,0.283488392829895,0.0772232785820961,2017
29,Panama,6.4520001411438,1.23374843597412,0.706156134605408,0.550026834011078,0.21055693924427,0.070983923971653,2017
30,France,6.44199991226196,1.43092346191406,0.844465851783752,0.470222115516663,0.129762306809425,0.172502428293228,2017
31,Thailand,6.42399978637695,1.12786877155304,0.647239029407501,0.580200731754303,0.572123110294342,0.0316127352416515,2017
32,Taiwan Province of China,6.42199993133545,1.43362653255463,0.793984234333038,0.361466586589813,0.258360475301743,0.0638292357325554,2017
33,Spain,6.40299987792969,1.38439786434174,0.888960599899292,0.408781230449677,0.190133571624756,0.0709140971302986,2017
34,Qatar,6.375,1.87076568603516,0.710098087787628,0.604130983352661,0.330473870038986,0.439299255609512,2017
35,Colombia,6.35699987411499,1.07062232494354,0.595027923583984,0.477487415075302,0.149014472961426,0.0466687418520451,2017
36,Saudi Arabia,6.3439998626709,1.53062355518341,0.590148329734802,0.449750572443008,0.147616013884544,0.27343225479126,2017
37,Trinidad and Tobago,6.16800022125244,1.36135590076447,0.519983291625977,0.518630743026733,0.325296461582184,0.0089648161083459,2017
38,Kuwait,6.10500001907349,1.63295245170593,0.632105708122253,0.496337592601776,0.228289797902107,0.215159550309181,2017
39,Slovakia,6.09800004959106,1.32539355754852,0.712732911109924,0.295817464590073,0.136544480919838,0.0242108516395092,2017
40,Bahrain,6.08699989318848,1.48841226100922,0.653133034706116,0.536746919155121,0.172668486833572,0.257042169570923,2017
41,Malaysia,6.08400011062622,1.29121541976929,0.618784427642822,0.402264982461929,0.416608929634094,0.0656007081270218,2017
42,Nicaragua,6.07100009918213,0.737299203872681,0.653095960617065,0.447551846504211,0.301674216985703,0.130687981843948,2017
43,Ecuador,6.00799989700317,1.00082039833069,0.685636222362518,0.4551981985569,0.150112465023994,0.140134647488594,2017
44,El Salvador,6.00299978256226,0.909784495830536,0.596018552780151,0.432452529668808,0.0782579854130745,0.0899809598922729,2017
45,Poland,5.97300004959106,1.29178786277771,0.699475347995758,0.520342111587524,0.158465966582298,0.0593078061938286,2017
46,Uzbekistan,5.97100019454956,0.786441087722778,0.498272627592087,0.658248662948608,0.415983647108078,0.246528223156929,2017
47,Italy,5.96400022506714,1.39506661891937,0.853144347667694,0.256450712680817,0.17278964817524,0.0280280914157629,2017
48,Russia,5.96299982070923,1.28177809715271,0.547349333763123,0.373783111572266,0.0522638224065304,0.0329628810286522,2017
49,Belize,5.95599985122681,0.907975316047668,0.450191766023636,0.547509372234344,0.240015640854836,0.0965810716152191,2017
50,Japan,5.92000007629395,1.41691517829895,0.913475871086121,0.505625545978546,0.12057276815176,0.163760736584663,2017
51,Lithuania,5.90199995040894,1.31458234786987,0.62894994020462,0.234231784939766,0.010164656676352,0.0118656428530812,2017
52,Algeria,5.87200021743774,1.09186446666718,0.617584645748138,0.233335807919502,0.0694366469979286,0.146096110343933,2017
53,Latvia,5.84999990463257,1.26074862480164,0.638566970825195,0.325707912445068,0.153074786067009,0.0738427266478539,2017
54,South Korea,5.83799982070923,1.40167844295502,0.900214076042175,0.257921665906906,0.206674367189407,0.0632826685905457,2017
55,Moldova,5.83799982070923,0.728870630264282,0.589465200901031,0.240729048848152,0.208779126405716,0.0100912861526012,2017
56,Romania,5.82499980926514,1.21768391132355,0.685158312320709,0.457003742456436,0.133519917726517,0.00438790069893,2017
57,Bolivia,5.82299995422363,0.833756566047668,0.473630249500275,0.558732926845551,0.22556072473526,0.0604777261614799,2017
58,Turkmenistan,5.82200002670288,1.13077676296234,0.437726080417633,0.41827192902565,0.24992498755455,0.259270340204239,2017
59,Kazakhstan,5.81899976730347,1.28455626964569,0.606041550636292,0.437454283237457,0.201964423060417,0.119282886385918,2017
60,North Cyprus,5.80999994277954,1.3469113111496,0.834647238254547,0.471203625202179,0.266845703125,0.155353352427483,2017
61,Slovenia,5.75799989700317,1.3412059545517,0.790828227996826,0.572575807571411,0.242649093270302,0.0451289787888527,2017
62,Peru,5.71500015258789,1.03522527217865,0.630166113376617,0.450002878904343,0.126819714903831,0.0470490865409374,2017
63,Mauritius,5.62900018692017,1.18939554691315,0.638007462024689,0.491247326135635,0.360933750867844,0.0421815551817417,2017
64,Cyprus,5.62099981307983,1.35593807697296,0.84471470117569,0.355111539363861,0.271254301071167,0.0412379764020443,2017
65,Estonia,5.61100006103516,1.32087934017181,0.695168316364288,0.479131430387497,0.0988908112049103,0.183248922228813,2017
66,Belarus,5.56899976730347,1.15655755996704,0.637714266777039,0.295400261878967,0.15513750910759,0.156313821673393,2017
67,Libya,5.52500009536743,1.10180306434631,0.520169019699097,0.465733230113983,0.152073666453362,0.0926102101802826,2017
68,Turkey,5.5,1.19827437400818,0.637605607509613,0.300740599632263,0.0466930419206619,0.0996715798974037,2017
69,Paraguay,5.49300003051758,0.932537317276001,0.579250693321228,0.473507791757584,0.224150657653809,0.091065913438797,2017
70,"Hong Kong S.A.R., China",5.47200012207031,1.55167484283447,0.943062424659729,0.490968644618988,0.374465793371201,0.293933749198914,2017
71,Philippines,5.42999982833862,0.85769921541214,0.468009054660797,0.585214674472809,0.193513423204422,0.0993318930268288,2017
72,Serbia,5.39499998092651,1.06931757926941,0.65078467130661,0.208715528249741,0.220125883817673,0.0409037806093693,2017
73,Jordan,5.33599996566772,0.991012394428253,0.604590058326721,0.418421149253845,0.172170460224152,0.11980327218771,2017
74,Hungary,5.32399988174438,1.2860119342804,0.687763452529907,0.175863519310951,0.0784016624093056,0.0366369374096394,2017
75,Jamaica,5.31099987030029,0.925579309463501,0.641022384166718,0.474307239055634,0.233818337321281,0.0552677810192108,2017
76,Croatia,5.29300022125244,1.22255623340607,0.701288521289825,0.255772292613983,0.248002976179123,0.0431031100451946,2017
77,Kosovo,5.27899980545044,0.951484382152557,0.541452050209045,0.260287940502167,0.319931447505951,0.0574716180562973,2017
78,China,5.27299976348877,1.08116579055786,0.741415500640869,0.472787708044052,0.0288068410009146,0.0227942746132612,2017
79,Pakistan,5.26900005340576,0.72688353061676,0.402047783136368,0.23521526157856,0.315446019172668,0.124348066747189,2017
80,Indonesia,5.26200008392334,0.995538592338562,0.492345720529556,0.443323463201523,0.611704587936401,0.0153171354904771,2017
81,Venezuela,5.25,1.12843120098114,0.617144227027893,0.153997123241425,0.0650196298956871,0.0644911229610443,2017
82,Montenegro,5.23699998855591,1.12112903594971,0.667464673519135,0.194989055395126,0.197911024093628,0.0881741940975189,2017
83,Morocco,5.2350001335144,0.878114581108093,0.59771066904068,0.408158332109451,0.0322099551558495,0.0877631828188896,2017
84,Azerbaijan,5.23400020599365,1.15360176563263,0.540775775909424,0.398155838251114,0.0452693402767181,0.180987507104874,2017
85,Dominican Republic,5.23000001907349,1.07937383651733,0.574873745441437,0.55258983373642,0.186967849731445,0.113945253193378,2017
86,Greece,5.22700023651123,1.28948748111725,0.810198903083801,0.0957312509417534,0.0,0.04328977689147,2017
87,Lebanon,5.22499990463257,1.07498753070831,0.735081076622009,0.288515985012054,0.264450758695602,0.037513829767704,2017
88,Portugal,5.19500017166138,1.3151752948761,0.795843541622162,0.498465299606323,0.0951027125120163,0.0158694516867399,2017
89,Bosnia and Herzegovina,5.18200016021729,0.982409417629242,0.705186307430267,0.204403176903725,0.328867495059967,0.0,2017
90,Honduras,5.18100023269653,0.730573117733002,0.582569479942322,0.348079860210419,0.236188873648643,0.0733454525470734,2017
91,Macedonia,5.17500019073486,1.06457793712616,0.644948184490204,0.325905978679657,0.25376096367836,0.0602777935564518,2017
92,Somalia,5.15100002288818,0.0226431842893362,0.113989137113094,0.602126955986023,0.291631311178207,0.282410323619843,2017
93,Vietnam,5.07399988174438,0.788547575473785,0.652168989181519,0.571055591106415,0.234968051314354,0.0876332372426987,2017
94,Nigeria,5.07399988174438,0.783756256103516,0.0569157302379608,0.394952565431595,0.230947196483612,0.0261215660721064,2017
95,Tajikistan,5.04099988937378,0.524713635444641,0.529235124588013,0.471566706895828,0.248997643589973,0.146377146244049,2017
96,Bhutan,5.01100015640259,0.885416388511658,0.495879292488098,0.501537680625916,0.474054545164108,0.173380389809608,2017
97,Kyrgyzstan,5.00400018692017,0.596220076084137,0.553457796573639,0.454943388700485,0.42858037352562,0.0394391790032387,2017
98,Nepal,4.96199989318848,0.479820191860199,0.504130780696869,0.440305948257446,0.394096165895462,0.0729755461215973,2017
99,Mongolia,4.95499992370605,1.02723586559296,0.557783484458923,0.394143968820572,0.338464230298996,0.0329022891819477,2017
100,South Africa,4.8289999961853,1.05469870567322,0.187080070376396,0.479246735572815,0.139362379908562,0.0725094974040985,2017
101,Tunisia,4.80499982833862,1.00726580619812,0.613212049007416,0.289680689573288,0.0496933571994305,0.0867231488227844,2017
102,Palestinian Territories,4.77500009536743,0.716249227523804,0.565666973590851,0.25471106171608,0.114173173904419,0.0892826020717621,2017
103,Egypt,4.7350001335144,0.989701807498932,0.520187258720398,0.282110154628754,0.128631442785263,0.114381365478039,2017
104,Bulgaria,4.71400022506714,1.1614590883255,0.708217680454254,0.289231717586517,0.113177694380283,0.0110515309497714,2017
105,Sierra Leone,4.70900011062622,0.36842092871666,0.0055647538974881,0.318697690963745,0.293040901422501,0.0710951760411263,2017
106,Cameroon,4.69500017166138,0.564305365085602,0.132892116904259,0.430388748645782,0.236298456788063,0.0513066314160824,2017
107,Iran,4.69199991226196,1.15687310695648,0.639333188533783,0.249322608113289,0.387242913246155,0.048761073499918,2017
108,Albania,4.64400005340576,0.996192753314972,0.731159746646881,0.381498634815216,0.201312944293022,0.0398642159998417,2017
109,Bangladesh,4.60799980163574,0.586682975292206,0.533241033554077,0.478356659412384,0.172255352139473,0.123717859387398,2017
110,Namibia,4.57399988174438,0.964434325695038,0.33861181139946,0.520303547382355,0.0771337449550629,0.0931469723582268,2017
111,Kenya,4.55299997329712,0.560479462146759,0.309988349676132,0.452763766050339,0.444860309362411,0.0646413192152977,2017
112,Mozambique,4.55000019073486,0.234305649995804,0.106654435396194,0.480791091918945,0.322228103876114,0.179436385631561,2017
113,Myanmar,4.54500007629395,0.367110550403595,0.397522568702698,0.514492034912109,0.838075160980225,0.188816204667091,2017
114,Senegal,4.53499984741211,0.479309022426605,0.409362852573395,0.377922266721725,0.183468893170357,0.115460447967052,2017
115,Zambia,4.51399993896484,0.636406779289246,0.257835894823074,0.461603492498398,0.249580144882202,0.0782135501503944,2017
116,Iraq,4.49700021743774,1.10271048545837,0.501180469989777,0.288555532693863,0.19963726401329,0.107215754687786,2017
117,Gabon,4.46500015258789,1.1982102394104,0.356578588485718,0.312328577041626,0.0437853783369064,0.0760467872023582,2017
118,Ethiopia,4.46000003814697,0.339233845472336,0.353409707546234,0.408842742443085,0.312650740146637,0.165455713868141,2017
119,Sri Lanka,4.44000005722046,1.00985014438629,0.625130832195282,0.561213254928589,0.490863561630249,0.0736539661884308,2017
120,Armenia,4.37599992752075,0.900596737861633,0.637524425983429,0.198303267359734,0.0834880918264389,0.0266744215041399,2017
121,India,4.31500005722046,0.792221248149872,0.455427616834641,0.469987004995346,0.231538489460945,0.0922268852591515,2017
122,Mauritania,4.29199981689453,0.648457288742065,0.285349279642105,0.0960980430245399,0.201870024204254,0.136957004666328,2017
123,Congo (Brazzaville),4.29099988937378,0.808964252471924,0.28995743393898,0.435025870800018,0.120852127671242,0.0796181336045265,2017
124,Georgia,4.28599977493286,0.950612664222717,0.649546980857849,0.309410035610199,0.0540088154375553,0.251666635274887,2017
125,Congo (Kinshasa),4.28000020980835,0.0921023488044739,0.191407024860382,0.235961347818375,0.246455833315849,0.0602413564920425,2017
126,Mali,4.19000005722046,0.476180493831635,0.169365674257278,0.306613743305206,0.183354198932648,0.104970246553421,2017
127,Ivory Coast,4.17999982833862,0.603048920631409,0.0486421696841717,0.447706192731857,0.201237469911575,0.130061775445938,2017
128,Cambodia,4.16800022125244,0.601765096187592,0.429783403873444,0.633375823497772,0.385922968387604,0.0681059509515762,2017
129,Sudan,4.13899993896484,0.65951669216156,0.290920823812485,0.0149958552792668,0.182317450642586,0.089847519993782,2017
130,Ghana,4.11999988555908,0.667224824428558,0.295637726783752,0.423026293516159,0.256923943758011,0.0253363698720932,2017
131,Ukraine,4.09600019454956,0.89465194940567,0.575903952121735,0.122974775731564,0.270061463117599,0.0230294708162546,2017
132,Uganda,4.08099985122681,0.381430715322495,0.217632606625557,0.443185955286026,0.325766056776047,0.057069718837738,2017
133,Burkina Faso,4.03200006484985,0.3502277135849,0.215844258666039,0.324367851018906,0.250864684581757,0.120328105986118,2017
134,Niger,4.02799987792969,0.161925330758095,0.26850500702858,0.36365869641304,0.228673845529556,0.138572946190834,2017
135,Malawi,3.97000002861023,0.233442038297653,0.315089583396912,0.466914653778076,0.287170469760895,0.0727116540074348,2017
136,Chad,3.93600010871887,0.438012987375259,0.0411347150802612,0.16234202682972,0.216113850474358,0.0535818822681904,2017
137,Zimbabwe,3.875,0.375846534967422,0.196763753890991,0.336384207010269,0.189143493771553,0.0953753814101219,2017
138,Lesotho,3.80800008773804,0.521021246910095,0.0,0.390661299228668,0.157497271895409,0.119094640016556,2017
139,Angola,3.79500007629395,0.858428180217743,0.0498686656355858,0.0,0.097926490008831,0.0697203353047371,2017
140,Afghanistan,3.79399991035461,0.401477217674255,0.180746778845787,0.106179520487785,0.311870932579041,0.0611578300595284,2017
141,Botswana,3.76600003242493,1.12209415435791,0.341755509376526,0.505196332931519,0.0993484482169151,0.0985831990838051,2017
142,Benin,3.65700006484985,0.431085407733917,0.209930211305618,0.425962775945663,0.207948461174965,0.0609290152788162,2017
143,Madagascar,3.64400005340576,0.305808693170547,0.375223308801651,0.189196765422821,0.208732530474663,0.0672319754958153,2017
144,Haiti,3.6029999256134,0.368610262870789,0.277321130037308,0.0303698573261499,0.489203780889511,0.0998721495270729,2017
145,Yemen,3.59299993515015,0.591683447360992,0.310080915689468,0.249463722109795,0.104125209152699,0.0567674227058887,2017
146,South Sudan,3.59100008010864,0.39724862575531,0.163486003875732,0.147062435746193,0.285670816898346,0.116793513298035,2017
147,Liberia,3.53299999237061,0.119041793048382,0.229918196797371,0.332881182432175,0.26654988527298,0.0389482490718365,2017
148,Guinea,3.50699996948242,0.244549930095673,0.194129139184952,0.348587512969971,0.264815092086792,0.110937617719173,2017
149,Togo,3.49499988555908,0.305444717407227,0.247105568647385,0.38042613863945,0.196896150708199,0.0956650152802467,2017
150,Rwanda,3.47099995613098,0.368745893239975,0.326424807310104,0.581843852996826,0.252756029367447,0.455220013856888,2017
151,Syria,3.46199989318848,0.777153134346008,0.50053334236145,0.0815394446253777,0.493663728237152,0.151347130537033,2017
152,Tanzania,3.34899997711182,0.511135876178741,0.364509284496307,0.390017777681351,0.354256361722946,0.0660351067781448,2017
153,Burundi,2.90499997138977,0.091622568666935,0.151610791683197,0.0599007532000542,0.204435184597969,0.0841479450464249,2017
154,Central African Republic,2.69300007820129,0.0,0.0187726859003305,0.270842045545578,0.280876487493515,0.0565650761127472,2017
0,Denmark,7.526,1.44178,0.79504,0.57941,0.36171,0.44453,2016
1,Switzerland,7.509,1.52733,0.86303,0.58557,0.28083,0.41203,2016
2,Iceland,7.501,1.42666,0.86733,0.56624,0.47678,0.14975,2016
3,Norway,7.498,1.57744,0.79579,0.59609,0.37895,0.35776,2016
4,Finland,7.413,1.40598,0.81091,0.57104,0.25492,0.41004,2016
5,Canada,7.404,1.44015,0.8276,0.5737,0.44834,0.31329,2016
6,Netherlands,7.339,1.46468,0.81231,0.55211,0.47416,0.29927,2016
7,New Zealand,7.334,1.36066,0.83096,0.58147,0.49401,0.41904,2016
8,Australia,7.313,1.44443,0.8512,0.56837,0.47407,0.32331,2016
9,Sweden,7.291,1.45181,0.83121,0.58218,0.38254,0.40867,2016
10,Israel,7.267,1.33766,0.84917,0.36432,0.32288,0.08728,2016
11,Austria,7.119,1.45038,0.80565,0.54355,0.32865,0.21348,2016
12,United States,7.104,1.50796,0.779,0.48163,0.41077,0.14868,2016
13,Costa Rica,7.087,1.06879,0.76146,0.55225,0.22553,0.10547,2016
14,Puerto Rico,7.039,1.35943,0.77758,0.46823,0.22202,0.12275,2016
15,Germany,6.994,1.44787,0.81487,0.53466,0.30452,0.28551,2016
16,Brazil,6.952,1.08754,0.61415,0.40425,0.15776,0.14166,2016
17,Belgium,6.929,1.42539,0.81959,0.51354,0.2424,0.26248,2016
18,Ireland,6.907,1.48341,0.81455,0.54008,0.44963,0.29754,2016
19,Luxembourg,6.871,1.69752,0.84542,0.5487,0.27571,0.35329,2016
20,Mexico,6.778,1.11508,0.71143,0.37709,0.11735,0.18355,2016
21,Singapore,6.739,1.64555,0.94719,0.4877,0.32706,0.46987,2016
22,United Kingdom,6.725,1.40283,0.80991,0.50036,0.50156,0.27399,2016
23,Chile,6.705,1.2167,0.81883,0.37789,0.31595,0.11451,2016
24,Panama,6.701,1.18306,0.70835,0.48927,0.2418,0.08423,2016
25,Argentina,6.65,1.15137,0.69711,0.42284,0.10989,0.07296,2016
26,Czech Republic,6.596,1.30915,0.76376,0.41418,0.09929,0.03986,2016
27,United Arab Emirates,6.573,1.57352,0.72993,0.56215,0.26591,0.35561,2016
28,Uruguay,6.545,1.18157,0.72183,0.54388,0.18056,0.21394,2016
29,Malta,6.488,1.30782,0.80315,0.54994,0.56237,0.17554,2016
30,Colombia,6.481,1.03032,0.59659,0.44735,0.15626,0.05399,2016
31,France,6.478,1.39488,0.83795,0.46562,0.1216,0.17808,2016
32,Thailand,6.474,1.0893,0.64915,0.49553,0.58696,0.02833,2016
33,Saudi Arabia,6.379,1.48953,0.59267,0.37904,0.15457,0.30008,2016
34,Taiwan,6.379,1.39729,0.79565,0.32377,0.25495,0.0663,2016
35,Qatar,6.375,1.82427,0.71723,0.56679,0.32388,0.48049,2016
36,Spain,6.361,1.34253,0.87896,0.37545,0.17665,0.06137,2016
37,Algeria,6.355,1.05266,0.61804,0.21006,0.07044,0.16157,2016
38,Guatemala,6.324,0.83454,0.54039,0.50379,0.28808,0.08701,2016
39,Suriname,6.269,1.09686,0.50933,0.52234,0.16665,0.12692,2016
40,Kuwait,6.239,1.61714,0.63569,0.43166,0.15965,0.23669,2016
41,Bahrain,6.218,1.44024,0.65696,0.47375,0.17147,0.25772,2016
42,Trinidad and Tobago,6.168,1.32572,0.52608,0.48453,0.31935,0.01241,2016
43,Venezuela,6.084,1.13367,0.61904,0.19847,0.0425,0.08304,2016
44,Slovakia,6.078,1.27973,0.70367,0.23391,0.13837,0.02947,2016
45,El Salvador,6.068,0.8737,0.596,0.37269,0.08877,0.10613,2016
46,Malaysia,6.005,1.25142,0.62366,0.39031,0.41474,0.09081,2016
47,Nicaragua,5.992,0.69384,0.65213,0.46582,0.29773,0.16292,2016
48,Uzbekistan,5.987,0.73591,0.50163,0.60848,0.34326,0.28333,2016
49,Italy,5.977,1.35495,0.85102,0.18827,0.16684,0.02556,2016
50,Ecuador,5.976,0.97306,0.68613,0.4027,0.10074,0.18037,2016
51,Belize,5.956,0.87616,0.45569,0.51231,0.23684,0.10771,2016
52,Japan,5.921,1.38007,0.91491,0.46761,0.10224,0.18985,2016
53,Kazakhstan,5.919,1.22943,0.57386,0.4052,0.15011,0.11132,2016
54,Moldova,5.897,0.69177,0.52309,0.25202,0.19997,0.01903,2016
55,Russia,5.856,1.23228,0.58991,0.32682,0.02736,0.03586,2016
56,Poland,5.835,1.24585,0.69058,0.4519,0.14443,0.055,2016
57,South Korea,5.835,1.35948,0.88645,0.25168,0.18824,0.07716,2016
58,Bolivia,5.822,0.79422,0.4697,0.50961,0.21698,0.07746,2016
59,Lithuania,5.813,1.2692,0.64674,0.18929,0.02025,0.0182,2016
60,Belarus,5.802,1.13062,0.63104,0.29091,0.13942,0.17457,2016
61,North Cyprus,5.771,1.31141,0.84142,0.43596,0.26322,0.16578,2016
62,Slovenia,5.768,1.29947,0.79151,0.53164,0.25738,0.03635,2016
63,Peru,5.743,0.99602,0.62994,0.37502,0.14527,0.05292,2016
64,Turkmenistan,5.658,1.08017,0.44006,0.37408,0.22567,0.28467,2016
65,Mauritius,5.648,1.14372,0.66189,0.46145,0.36951,0.05203,2016
66,Libya,5.615,1.06688,0.52304,0.40672,0.17087,0.10339,2016
67,Latvia,5.56,1.21788,0.63952,0.27996,0.17445,0.0889,2016
68,Cyprus,5.546,1.31857,0.8488,0.29507,0.27906,0.05228,2016
69,Paraguay,5.538,0.89373,0.58295,0.46235,0.25296,0.07396,2016
70,Romania,5.528,1.1697,0.67602,0.36712,0.12889,0.00679,2016
71,Estonia,5.517,1.27964,0.68098,0.41511,0.08423,0.18519,2016
72,Jamaica,5.51,0.89333,0.59469,0.43597,0.22245,0.04294,2016
73,Croatia,5.488,1.18649,0.70524,0.23907,0.18434,0.04002,2016
74,Hong Kong,5.458,1.5107,0.95277,0.48079,0.40097,0.31647,2016
75,Somalia,5.44,0.0,0.11466,0.56778,0.27225,0.3118,2016
76,Kosovo,5.401,0.90145,0.54,0.14396,0.27992,0.06547,2016
77,Turkey,5.389,1.16492,0.64718,0.23889,0.04707,0.12348,2016
78,Indonesia,5.314,0.95104,0.49374,0.39237,0.56521,0.00322,2016
79,Jordan,5.303,0.99673,0.60712,0.36023,0.14262,0.13297,2016
80,Azerbaijan,5.291,1.12373,0.54504,0.35327,0.0564,0.17914,2016
81,Philippines,5.279,0.81217,0.47036,0.54854,0.21674,0.11757,2016
82,China,5.245,1.0278,0.73561,0.44012,0.04959,0.02745,2016
83,Bhutan,5.196,0.8527,0.49759,0.46074,0.48546,0.1616,2016
84,Kyrgyzstan,5.185,0.56044,0.55449,0.40212,0.38432,0.04762,2016
85,Serbia,5.177,1.03437,0.6458,0.15718,0.20737,0.04339,2016
86,Bosnia and Herzegovina,5.163,0.93383,0.70766,0.09511,0.29889,0.0,2016
87,Montenegro,5.161,1.07838,0.63533,0.15111,0.17191,0.12721,2016
88,Dominican Republic,5.155,1.02787,0.57669,0.52259,0.21286,0.12372,2016
89,Morocco,5.151,0.84058,0.59471,0.25646,0.04053,0.08404,2016
90,Hungary,5.145,1.24142,0.67608,0.1977,0.099,0.04472,2016
91,Pakistan,5.132,0.68816,0.40306,0.14622,0.31185,0.1388,2016
92,Lebanon,5.129,1.12268,0.76171,0.26228,0.23693,0.03061,2016
93,Portugal,5.123,1.27607,0.79363,0.44727,0.11691,0.01521,2016
94,Macedonia,5.121,1.0193,0.64738,0.27668,0.23507,0.07047,2016
95,Vietnam,5.061,0.74037,0.66157,0.55954,0.25075,0.11556,2016
96,Somaliland Region,5.057,0.25558,0.33108,0.3913,0.51479,0.36794,2016
97,Tunisia,5.045,0.97724,0.59577,0.23553,0.03936,0.0817,2016
98,Greece,5.033,1.24886,0.80029,0.05822,0.0,0.04127,2016
99,Tajikistan,4.996,0.48835,0.53119,0.43408,0.25998,0.13509,2016
100,Mongolia,4.907,0.98853,0.55469,0.35972,0.34539,0.03285,2016
101,Laos,4.876,0.68042,0.38291,0.52168,0.43079,0.22423,2016
102,Nigeria,4.875,0.75216,0.05108,0.27854,0.23219,0.0305,2016
103,Honduras,4.871,0.69429,0.58383,0.26755,0.2044,0.06906,2016
104,Iran,4.813,1.11758,0.64232,0.22544,0.38538,0.0557,2016
105,Zambia,4.795,0.61202,0.23573,0.42662,0.17866,0.11479,2016
106,Nepal,4.793,0.44626,0.50073,0.37012,0.3816,0.07008,2016
107,Palestinian Territories,4.754,0.67024,0.56844,0.17744,0.11154,0.10613,2016
108,Albania,4.655,0.9553,0.73007,0.31866,0.1684,0.05301,2016
109,Bangladesh,4.643,0.54177,0.52989,0.39778,0.19132,0.12583,2016
110,Sierra Leone,4.635,0.36485,0.0,0.30685,0.23897,0.08196,2016
111,Iraq,4.575,1.07474,0.51076,0.24856,0.19589,0.13636,2016
112,Namibia,4.574,0.93287,0.34745,0.48614,0.07795,0.10398,2016
113,Cameroon,4.513,0.52497,0.12698,0.42736,0.2268,0.06126,2016
114,Ethiopia,4.508,0.29283,0.34578,0.36703,0.29522,0.1717,2016
115,South Africa,4.459,1.02416,0.18611,0.42483,0.13656,0.08415,2016
116,Sri Lanka,4.415,0.97318,0.62007,0.50817,0.46978,0.07964,2016
117,India,4.404,0.74036,0.45091,0.40285,0.25028,0.08722,2016
118,Myanmar,4.395,0.34112,0.3988,0.42692,0.81971,0.20243,2016
119,Egypt,4.362,0.95395,0.52116,0.18847,0.12706,0.10393,2016
120,Armenia,4.36,0.86086,0.64083,0.14037,0.07793,0.03616,2016
121,Kenya,4.356,0.52267,0.30147,0.40576,0.41328,0.06686,2016
122,Ukraine,4.324,0.87287,0.58628,0.12859,0.20363,0.01829,2016
123,Ghana,4.276,0.63107,0.29681,0.40973,0.21203,0.0326,2016
124,Congo (Kinshasa),4.272,0.05661,0.188,0.15602,0.25458,0.06075,2016
125,Georgia,4.252,0.83792,0.64035,0.32461,0.06786,0.3188,2016
126,Congo (Brazzaville),4.236,0.77109,0.28212,0.37938,0.12077,0.09753,2016
127,Senegal,4.219,0.44314,0.40457,0.31056,0.19103,0.11681,2016
128,Bulgaria,4.217,1.11306,0.67806,0.21219,0.12793,0.00615,2016
129,Mauritania,4.201,0.61391,0.28639,0.1268,0.22686,0.17955,2016
130,Zimbabwe,4.193,0.35041,0.1595,0.25429,0.18503,0.08582,2016
131,Malawi,4.156,0.08709,0.29364,0.4143,0.30968,0.07564,2016
132,Sudan,4.139,0.63069,0.29759,0.0,0.18077,0.10039,2016
133,Gabon,4.121,1.15851,0.3494,0.28098,0.06244,0.09314,2016
134,Mali,4.073,0.31292,0.16347,0.27544,0.21064,0.13647,2016
135,Haiti,4.028,0.34097,0.27494,0.12072,0.47958,0.14476,2016
136,Botswana,3.974,1.09426,0.34752,0.44089,0.12425,0.10769,2016
137,Comoros,3.956,0.27509,0.29981,0.15412,0.1827,0.18437,2016
138,Ivory Coast,3.916,0.55507,0.04476,0.40663,0.20338,0.1553,2016
139,Cambodia,3.907,0.55604,0.42494,0.58852,0.40339,0.08092,2016
140,Angola,3.866,0.84731,0.04991,0.00589,0.12071,0.08434,2016
141,Niger,3.856,0.1327,0.26162,0.38041,0.2097,0.17176,2016
142,South Sudan,3.832,0.39394,0.15781,0.19662,0.25899,0.13015,2016
143,Chad,3.763,0.42214,0.03824,0.12807,0.18667,0.04952,2016
144,Burkina Faso,3.739,0.31995,0.21297,0.3337,0.24353,0.12533,2016
145,Uganda,3.739,0.34719,0.19625,0.43653,0.27102,0.06442,2016
146,Yemen,3.724,0.57939,0.31048,0.2287,0.09821,0.05892,2016
147,Madagascar,3.695,0.27954,0.37109,0.13684,0.2204,0.07506,2016
148,Tanzania,3.666,0.47155,0.357,0.3176,0.31472,0.05099,2016
149,Liberia,3.622,0.10706,0.23165,0.25748,0.24063,0.04852,2016
150,Guinea,3.607,0.22415,0.18829,0.30953,0.29914,0.1192,2016
151,Rwanda,3.515,0.32846,0.31865,0.5432,0.23552,0.50521,2016
152,Benin,3.484,0.39499,0.21028,0.39747,0.2018,0.06681,2016
153,Afghanistan,3.36,0.38227,0.17344,0.1643,0.31268,0.07112,2016
154,Togo,3.303,0.28123,0.24811,0.34678,0.17517,0.11587,2016
155,Syria,3.069,0.74719,0.62994,0.06912,0.48397,0.17233,2016
156,Burundi,2.905,0.06831,0.15747,0.0432,0.2029,0.09419,2016
0,Switzerland,7.587,1.39651,0.94143,0.66557,0.29678,0.41978,2015
1,Iceland,7.561,1.30232,0.94784,0.62877,0.4363,0.14145,2015
2,Denmark,7.527,1.32548,0.87464,0.64938,0.34139,0.48357,2015
3,Norway,7.522,1.459,0.88521,0.66973,0.34699,0.36503,2015
4,Canada,7.427,1.32629,0.90563,0.63297,0.45811,0.32957,2015
5,Finland,7.406,1.29025,0.88911,0.64169,0.23351,0.41372,2015
6,Netherlands,7.378,1.32944,0.89284,0.61576,0.4761,0.31814,2015
7,Sweden,7.364,1.33171,0.91087,0.6598,0.36262,0.43844,2015
8,New Zealand,7.286,1.25018,0.90837,0.63938,0.47501,0.42922,2015
9,Australia,7.284,1.33358,0.93156,0.65124,0.43562,0.35637,2015
10,Israel,7.278,1.22857,0.91387,0.41319,0.33172,0.07785,2015
11,Costa Rica,7.226,0.95578,0.86027,0.63376,0.25497,0.10583,2015
12,Austria,7.2,1.33723,0.89042,0.62433,0.33088,0.18676,2015
13,Mexico,7.187,1.02054,0.81444,0.48181,0.14074,0.21312,2015
14,United States,7.119,1.39451,0.86179,0.54604,0.40105,0.1589,2015
15,Brazil,6.983,0.98124,0.69702,0.49049,0.14574,0.17521,2015
16,Luxembourg,6.946,1.56391,0.91894,0.61583,0.28034,0.37798,2015
17,Ireland,6.94,1.33596,0.89533,0.61777,0.45901,0.28703,2015
18,Belgium,6.937,1.30782,0.89667,0.5845,0.2225,0.2254,2015
19,United Arab Emirates,6.901,1.42727,0.80925,0.64157,0.26428,0.38583,2015
20,United Kingdom,6.867,1.26637,0.90943,0.59625,0.51912,0.32067,2015
21,Oman,6.853,1.36011,0.76276,0.63274,0.21542,0.32524,2015
22,Venezuela,6.81,1.04424,0.72052,0.42908,0.05841,0.11069,2015
23,Singapore,6.798,1.52186,1.02525,0.54252,0.31105,0.4921,2015
24,Panama,6.786,1.06353,0.79661,0.5421,0.24434,0.0927,2015
25,Germany,6.75,1.32792,0.89186,0.61477,0.28214,0.21843,2015
26,Chile,6.67,1.10715,0.85857,0.44132,0.33363,0.12869,2015
27,Qatar,6.611,1.69042,0.79733,0.6404,0.32573,0.52208,2015
28,France,6.575,1.27778,0.94579,0.55011,0.12332,0.20646,2015
29,Argentina,6.574,1.05351,0.78723,0.44974,0.11451,0.08484,2015
30,Czech Republic,6.505,1.17898,0.84483,0.46364,0.10686,0.02652,2015
31,Uruguay,6.485,1.06166,0.8116,0.60362,0.2324,0.24558,2015
32,Colombia,6.477,0.91861,0.69077,0.53466,0.18401,0.0512,2015
33,Thailand,6.455,0.9669,0.7385,0.55664,0.5763,0.03187,2015
34,Saudi Arabia,6.411,1.39541,0.72025,0.31048,0.13706,0.32524,2015
35,Spain,6.329,1.23011,0.95562,0.45951,0.18227,0.06398,2015
36,Malta,6.302,1.2074,0.88721,0.60365,0.51752,0.13586,2015
37,Taiwan,6.298,1.29098,0.8753,0.3974,0.25376,0.08129,2015
38,Kuwait,6.295,1.55422,0.72492,0.55499,0.16228,0.25609,2015
39,Suriname,6.269,0.99534,0.6082,0.59657,0.16991,0.13633,2015
40,Trinidad and Tobago,6.168,1.21183,0.61483,0.55884,0.31844,0.0114,2015
41,El Salvador,6.13,0.76454,0.67737,0.4035,0.10692,0.11776,2015
42,Guatemala,6.123,0.74553,0.64425,0.57733,0.27489,0.09472,2015
43,Uzbekistan,6.003,0.63244,0.59772,0.65821,0.22837,0.30826,2015
44,Slovakia,5.995,1.16891,0.78902,0.31751,0.16893,0.03431,2015
45,Japan,5.987,1.27074,0.99111,0.49615,0.10705,0.1806,2015
46,South Korea,5.984,1.24461,0.96538,0.33208,0.18557,0.07857,2015
47,Ecuador,5.975,0.86402,0.79075,0.48574,0.11541,0.1809,2015
48,Bahrain,5.96,1.32376,0.74716,0.45492,0.17362,0.306,2015
49,Italy,5.948,1.25114,0.95446,0.26236,0.22823,0.02901,2015
50,Bolivia,5.89,0.68133,0.5392,0.57414,0.20536,0.088,2015
51,Moldova,5.889,0.59448,0.61826,0.32818,0.20951,0.01615,2015
52,Paraguay,5.878,0.75985,0.66098,0.53899,0.3424,0.08242,2015
53,Kazakhstan,5.855,1.12254,0.64368,0.51649,0.11827,0.08454,2015
54,Slovenia,5.848,1.18498,0.87337,0.60855,0.25328,0.03787,2015
55,Lithuania,5.833,1.14723,0.73128,0.21342,0.02641,0.01031,2015
56,Nicaragua,5.828,0.59325,0.74314,0.55475,0.27815,0.19317,2015
57,Peru,5.824,0.90019,0.73017,0.41496,0.14982,0.05989,2015
58,Belarus,5.813,1.03192,0.73608,0.37938,0.11046,0.1909,2015
59,Poland,5.791,1.12555,0.77903,0.53122,0.16759,0.04212,2015
60,Malaysia,5.77,1.12486,0.72394,0.53024,0.33075,0.10501,2015
61,Croatia,5.759,1.08254,0.78805,0.25883,0.05444,0.0243,2015
62,Libya,5.754,1.13145,0.7038,0.41668,0.18295,0.11023,2015
63,Russia,5.716,1.13764,0.66926,0.36679,0.00199,0.03005,2015
64,Jamaica,5.709,0.81038,0.68741,0.50442,0.2123,0.02299,2015
65,North Cyprus,5.695,1.20806,0.92356,0.49027,0.26169,0.1428,2015
66,Cyprus,5.689,1.20813,0.92356,0.40672,0.30638,0.06146,2015
67,Algeria,5.605,0.93929,0.61766,0.28579,0.07822,0.17383,2015
68,Kosovo,5.589,0.80148,0.63132,0.24749,0.2831,0.04741,2015
69,Turkmenistan,5.548,0.95847,0.53886,0.4761,0.16979,0.30844,2015
70,Mauritius,5.477,1.00761,0.7095,0.56066,0.37744,0.07521,2015
71,Hong Kong,5.474,1.38604,1.01328,0.59608,0.39478,0.37124,2015
72,Estonia,5.429,1.15174,0.77361,0.44888,0.0868,0.15184,2015
73,Indonesia,5.399,0.82827,0.63793,0.46611,0.51535,0.0,2015
74,Vietnam,5.36,0.63216,0.74676,0.59444,0.1686,0.10441,2015
75,Turkey,5.332,1.06098,0.73172,0.22815,0.12253,0.15746,2015
76,Kyrgyzstan,5.286,0.47428,0.65088,0.43477,0.3003,0.04232,2015
77,Nigeria,5.268,0.65435,0.16007,0.34334,0.27233,0.0403,2015
78,Bhutan,5.253,0.77042,0.57407,0.53206,0.47998,0.15445,2015
79,Azerbaijan,5.212,1.02389,0.64045,0.3703,0.07799,0.16065,2015
80,Pakistan,5.194,0.59543,0.51466,0.12102,0.33671,0.10464,2015
81,Jordan,5.192,0.90198,0.69639,0.40661,0.11053,0.14293,2015
82,Montenegro,5.192,0.97438,0.72521,0.1826,0.1614,0.14296,2015
83,China,5.14,0.89012,0.81658,0.51697,0.08185,0.02781,2015
84,Zambia,5.129,0.47038,0.29924,0.48827,0.19591,0.12468,2015
85,Romania,5.124,1.04345,0.7689,0.35068,0.13748,0.00649,2015
86,Serbia,5.123,0.92053,0.74836,0.20107,0.19231,0.02617,2015
87,Portugal,5.102,1.15991,0.87519,0.51469,0.13719,0.01078,2015
88,Latvia,5.098,1.11312,0.72437,0.29671,0.18226,0.06332,2015
89,Philippines,5.073,0.70532,0.58114,0.62545,0.24991,0.12279,2015
90,Somaliland region,5.057,0.18847,0.43873,0.46582,0.50318,0.39928,2015
91,Morocco,5.013,0.73479,0.60954,0.41691,0.07172,0.08546,2015
92,Macedonia,5.007,0.91851,0.73545,0.33457,0.22359,0.05327,2015
93,Mozambique,4.971,0.08308,0.09131,0.34037,0.22269,0.15603,2015
94,Albania,4.959,0.87867,0.81325,0.35733,0.14272,0.06413,2015
95,Bosnia and Herzegovina,4.949,0.83223,0.79081,0.09245,0.24808,0.00227,2015
96,Lesotho,4.898,0.37545,0.07612,0.31767,0.16388,0.12504,2015
97,Dominican Republic,4.885,0.89537,0.66825,0.57672,0.21684,0.14234,2015
98,Laos,4.876,0.59066,0.54909,0.59591,0.42192,0.24249,2015
99,Mongolia,4.874,0.82819,0.60268,0.43626,0.3323,0.02666,2015
100,Swaziland,4.867,0.71206,0.07566,0.30658,0.18259,0.0306,2015
101,Greece,4.857,1.15406,0.88213,0.07699,0.0,0.01397,2015
102,Lebanon,4.839,1.02564,0.83947,0.33916,0.21854,0.04582,2015
103,Hungary,4.8,1.12094,0.75905,0.32112,0.128,0.02758,2015
104,Honduras,4.788,0.59532,0.6951,0.40148,0.23027,0.06825,2015
105,Tajikistan,4.786,0.39047,0.57379,0.47216,0.22974,0.15072,2015
106,Tunisia,4.739,0.88113,0.73793,0.26268,0.06431,0.06358,2015
107,Palestinian Territories,4.715,0.59867,0.66015,0.24499,0.11251,0.12905,2015
108,Bangladesh,4.694,0.39753,0.60164,0.4082,0.21222,0.12569,2015
109,Iran,4.686,1.0088,0.69805,0.30033,0.38086,0.05863,2015
110,Ukraine,4.681,0.79907,0.6739,0.25123,0.15275,0.02961,2015
111,Iraq,4.677,0.98549,0.60237,0.0,0.17922,0.13788,2015
112,South Africa,4.642,0.92049,0.27688,0.33207,0.11973,0.08884,2015
113,Ghana,4.633,0.54558,0.40132,0.42342,0.23087,0.04355,2015
114,Zimbabwe,4.61,0.271,0.33475,0.25861,0.18987,0.08079,2015
115,Liberia,4.571,0.0712,0.34201,0.28531,0.24362,0.06232,2015
116,India,4.565,0.64499,0.51529,0.39786,0.26475,0.08492,2015
117,Sudan,4.55,0.52107,0.36878,0.10081,0.19062,0.1466,2015
118,Haiti,4.518,0.26673,0.38847,0.24425,0.46187,0.17175,2015
119,Congo (Kinshasa),4.517,0.0,0.09806,0.22605,0.24834,0.07625,2015
120,Nepal,4.514,0.35997,0.56874,0.38282,0.32296,0.05907,2015
121,Ethiopia,4.512,0.19073,0.44055,0.4345,0.24325,0.15048,2015
122,Sierra Leone,4.507,0.33024,0.0,0.4084,0.21488,0.08786,2015
123,Mauritania,4.436,0.45407,0.35874,0.24232,0.219,0.17461,2015
124,Kenya,4.419,0.36471,0.41435,0.42215,0.37542,0.05839,2015
125,Djibouti,4.369,0.44025,0.36291,0.46074,0.18093,0.28105,2015
126,Armenia,4.35,0.76821,0.7299,0.19847,0.07855,0.039,2015
127,Botswana,4.332,0.99355,0.04776,0.49495,0.10461,0.12474,2015
128,Myanmar,4.307,0.27108,0.48246,0.44017,0.79588,0.19034,2015
129,Georgia,4.297,0.7419,0.72926,0.40577,0.05547,0.38331,2015
130,Malawi,4.292,0.01604,0.22562,0.43054,0.33128,0.06977,2015
131,Sri Lanka,4.271,0.83524,0.70806,0.53726,0.40828,0.09179,2015
132,Cameroon,4.252,0.4225,0.23402,0.49309,0.20618,0.05786,2015
133,Bulgaria,4.218,1.01216,0.76649,0.30587,0.11921,0.00872,2015
134,Egypt,4.194,0.8818,0.61712,0.17288,0.11291,0.06324,2015
135,Yemen,4.077,0.54649,0.40064,0.35571,0.09131,0.07854,2015
136,Angola,4.033,0.75778,0.16683,0.10384,0.12344,0.07122,2015
137,Mali,3.995,0.26074,0.20583,0.38857,0.18798,0.12352,2015
138,Congo (Brazzaville),3.989,0.67866,0.31051,0.41466,0.12388,0.11686,2015
139,Comoros,3.956,0.23906,0.36315,0.22917,0.17441,0.199,2015
140,Uganda,3.931,0.21102,0.33861,0.45727,0.29066,0.07267,2015
141,Senegal,3.904,0.36498,0.4354,0.36772,0.20843,0.10713,2015
142,Gabon,3.896,1.06024,0.43372,0.31914,0.06822,0.11091,2015
143,Niger,3.845,0.0694,0.29707,0.47692,0.19387,0.15639,2015
144,Cambodia,3.819,0.46038,0.61114,0.66246,0.40359,0.07247,2015
145,Tanzania,3.781,0.2852,0.38215,0.32878,0.34377,0.05747,2015
146,Madagascar,3.681,0.20824,0.46721,0.19184,0.21333,0.08124,2015
147,Central African Republic,3.678,0.0785,0.06699,0.48879,0.23835,0.08289,2015
148,Chad,3.667,0.34193,0.1501,0.23501,0.18386,0.05269,2015
149,Guinea,3.656,0.17417,0.24009,0.37725,0.28657,0.12139,2015
150,Ivory Coast,3.655,0.46534,0.15185,0.46866,0.20165,0.17922,2015
151,Burkina Faso,3.587,0.25812,0.27125,0.39493,0.21747,0.12832,2015
152,Afghanistan,3.575,0.31982,0.30335,0.23414,0.3651,0.09719,2015
153,Rwanda,3.465,0.22208,0.42864,0.59201,0.22628,0.55191,2015
154,Benin,3.34,0.28665,0.3191,0.4845,0.1826,0.0801,2015
155,Syria,3.006,0.6632,0.72193,0.15684,0.47179,0.18906,2015
156,Burundi,2.905,0.0153,0.22396,0.1185,0.19727,0.10062,2015
157,Togo,2.839,0.20868,0.28443,0.36453,0.16681,0.10731,2015
